"Country","Region","Year","Infant_deaths","Under_five_deaths","Adult_mortality","Alcohol_consumption","Hepatitis_B","Measles","BMI","Polio","Diphtheria","Incidents_HIV","GDP_per_capita","Population_mln","Thinness_ten_nineteen_years","Thinness_five_nine_years","Schooling","Economy_status_Developed","Economy_status_Developing","Life_expectancy","Life-Expectancy (High/Low/Avg)"
"India","Asia",2007,51.5,67.9,201.0765,1.57,60,35,21.2,67,64,0.13,1076,1183.21,27.1,28,5,0,1,65.4,"Average"
"Japan","Asia",2005,2.8,3.7,68.768,7.98,83,84,22.6,95,98,0.17,33099,127.77,1.7,1.5,11.2,1,0,81.9,"High"
"Philippines","Asia",2001,28.2,36.9,214.2685,4.53,45,19,22.3,76,79,0.01,1847,79.67,1,9.7,7.7,0,1,68.8,"Average"
"Kazakhstan","Asia",2006,25.6,29,270.9885,6.76,99,99,25.8,99,99,0.08,7838,15.31,2.4,2.5,11.7,0,1,66.2,"Average"
"Bhutan","Asia",2005,44.7,57.5,253.2655,0.73,95,76,22.8,95,95,0.19,1489,0.65,17.8,18.6,2.3,0,1,65.3,"Average"
"Singapore","Asia",2014,2.2,2.7,52.393,1.84,96,90,23.6,96,96,0.08,54683,5.47,2.2,2.2,11.4,0,1,82.5,"High"
"Kyrgyz Republic","Asia",2012,23.2,26.1,183.8625,5.98,96,65,26.1,94,96,0.14,994,5.61,3.2,3.3,10.7,0,1,70,"High"
"Brunei Darussalam","Asia",2010,7.9,9.7,91.9455,0.25,96,93,26.4,99,95,0.1,33437,0.39,5.9,5.4,8.8,0,1,74.7,"High"
"Nepal","Asia",2007,41.9,53.4,191.5375,0.2,82,65,21.4,82,82,0.17,643,26.38,17.2,17.8,3,0,1,66.3,"Average"
"Afghanistan","Asia",2000,90.5,129.2,310.8305,0.02,62,12,21.7,24,24,0.02,148,20.78,2.3,2.5,2.2,0,1,55.8,"Average"
"Azerbaijan","Asia",2011,30.5,34.9,134.006,0.6,84,92,26.5,91,87,0.08,5153,9.17,2.8,2.9,10.7,0,1,71.2,"High"
"Maldives","Asia",2007,15.1,17.6,79.101,1.51,98,56,24.1,98,98,0.17,8535,0.34,14.3,14.4,3.9,0,1,74.6,"High"
"Japan","Asia",2003,2.9,4,70.306,7.82,83,86,22.5,97,97,0.17,31830,127.72,1.7,1.4,11,1,0,81.8,"High"
"Tajikistan","Asia",2006,44.1,51.9,155.062,0.56,88,96,24.7,76,83,0.07,662,6.92,3.8,3.9,10.5,0,1,66.8,"Average"
"Pakistan","Asia",2011,68.6,85,166.204,0.04,74,38,23.5,63,74,0.13,1246,183.34,2,2.4,4.8,0,1,65.6,"Average"
"Cambodia","Asia",2006,49.3,59.7,214.084,1.18,80,48,21.2,80,80,0.3,760,13.48,11.4,11.6,3.6,0,1,63.9,"Average"
"Malaysia","Asia",2006,7,8.1,129.376,0.45,95,90,24.6,95,95,0.2,7531,26.2,8.8,8.6,8.2,0,1,73.7,"High"
"Vietnam","Asia",2015,17.4,21.8,124.547,2.98,97,65,21.7,97,97,0.12,2582,92.68,14.2,14.5,8,0,1,75.1,"High"
"Bhutan","Asia",2010,34.1,42.4,227.3425,0.23,91,85,23.3,92,91,0.16,2235,0.69,16.6,17.3,2.3,0,1,68.4,"Average"
"Cambodia","Asia",2009,40.2,47.5,198.62,1.42,92,47,21.5,95,94,0.19,855,14.09,11.1,11.4,3.7,0,1,66,"Average"
"Malaysia","Asia",2013,6.8,8,124.668,0.55,96,99,25.4,97,97,0.15,9179,29.47,7.8,7.6,10.1,0,1,75.1,"High"
"Malaysia","Asia",2005,7,8.2,129.6545,0.49,96,91,24.5,96,96,0.21,7275,25.69,9,8.8,7.6,0,1,73.6,"High"
"Bangladesh","Asia",2007,44.8,57.8,147.641,0.004,95,63,20.8,96,94,0.01,856,142.66,19.5,2.1,4.7,0,1,68.6,"Average"
"Kyrgyz Republic","Asia",2002,38.8,45.2,223.718,5.84,99,65,24.9,99,98,0.04,742,4.99,3.5,3.5,10,0,1,68.2,"Average"
"China","Asia",2003,23.4,28.8,105.496,2.89,75,89,22.6,87,86,0.1,2797,1288.4,5.3,4.7,6.7,0,1,72.4,"High"
"Nepal","Asia",2015,29.2,35.5,154.604,0.24,91,65,22.4,90,91,0.17,902,27.02,15.7,16.1,4.7,0,1,69.5,"Average"
"Afghanistan","Asia",2014,55.2,73.6,231.978,0.01,62,44,23.2,62,62,0.03,565,33.37,17.5,17.5,3.5,0,1,63,"Average"
"Maldives","Asia",2013,9.7,11.3,72.3455,1.16,99,99,25,99,99,0.17,8955,0.42,13.7,13.8,5.7,0,1,77,"High"
"Myanmar","Asia",2007,54.1,71.8,219.9305,0.75,85,66,21.8,84,86,0.42,682,49.62,13.2,13.5,3.8,0,1,62.3,"Average"
"Japan","Asia",2004,2.8,3.9,68.9285,7.69,83,87,22.6,97,99,0.17,32515,127.76,1.7,1.4,11.1,1,0,82,"High"
"Kazakhstan","Asia",2007,23.8,26.8,267.527,3.99,94,99,25.9,94,93,0.09,8438,15.48,2.4,2.5,11.6,0,1,66.3,"Average"
"Philippines","Asia",2012,24.2,30.9,204.619,4.96,88,42,22.9,88,88,0.06,2611,97.21,1,9.7,9.1,0,1,70.1,"High"
"Maldives","Asia",2009,12.8,14.9,77.1955,1.41,98,96,24.4,98,98,0.17,8222,0.35,14.1,14.2,4.7,0,1,75.5,"High"
"Mongolia","Asia",2003,38.9,49.1,260.269,1.67,98,98,24.6,98,98,0.02,1784,2.47,2.4,2.5,8.4,0,1,64.2,"Average"
"Azerbaijan","Asia",2007,39.1,45.5,141.6765,0.95,62,75,26.1,81,79,0.15,4327,8.58,2.8,2.9,10.2,0,1,69.8,"Average"
"Pakistan","Asia",2002,80.9,102.4,185.0715,0.014,64,33,22.7,64,68,0.13,1040,149.55,21.8,22.2,3.8,0,1,63.3,"Average"
"Singapore","Asia",2000,3,3.9,80.151,2.02,97,98,23.4,98,98,0.14,34891,4.03,2.1,2,8.9,0,1,78,"High"
"Azerbaijan","Asia",2004,47,55.6,155.0385,0.63,50,67,25.9,78,77,0.2,2078,8.31,3,3,10.6,0,1,68.2,"Average"
"Bhutan","Asia",2012,31,38,220.149,0.32,97,90,23.5,97,97,0.14,2479,0.7,16.1,16.7,2.5,0,1,69.3,"Average"
"Azerbaijan","Asia",2012,28.5,32.5,132.0885,0.52,88,95,26.6,92,89,0.07,5195,9.3,2.8,2.8,10.7,0,1,71.5,"High"
"Thailand","Asia",2007,13.4,15.6,168.9115,6.12,96,94,23.5,98,98,0.3,4827,66.18,8.6,8.8,7.1,0,1,72.9,"High"
"Nepal","Asia",2005,45.9,59.4,203.6355,0.22,41,65,21.2,78,75,0.17,616,25.74,17.6,18.2,2.8,0,1,65.3,"Average"
"Tajikistan","Asia",2010,36.9,42.7,143.711,0.68,93,95,25.2,95,93,0.23,783,7.53,3.7,3.8,10.9,0,1,68.7,"Average"
"Brunei Darussalam","Asia",2008,7.7,9.5,91.9455,0.65,96,90,26.2,97,98,0.1,33981,0.38,6.1,5.6,8.7,0,1,74.5,"High"
"Nepal","Asia",2011,35,43.6,172.406,0.25,92,65,21.9,92,92,0.17,754,27.04,16.5,16.9,3.3,0,1,68,"Average"
"Azerbaijan","Asia",2001,57.2,69.3,166.736,0.5,50,65,25.6,77,77,0.16,1615,8.11,3.1,3.1,10.6,0,1,67.1,"Average"
"Kyrgyz Republic","Asia",2006,32.7,37.5,221.7345,6.78,90,65,25.4,93,92,0.13,837,5.22,3.3,3.4,10.2,0,1,67.7,"Average"
"India","Asia",2010,45.1,58.2,191.5935,2.73,38,38,21.4,76,79,0.1,1244,1234.28,27,27.8,5.4,0,1,66.7,"Average"
"Cambodia","Asia",2007,46.2,55.4,206.6325,1.29,82,48,21.3,82,82,0.25,825,13.68,11.3,11.5,3.7,0,1,64.7,"Average"
"Lao PDR","Asia",2010,51.8,68.3,217.0295,6.1,74,65,22.2,76,74,0.17,1586,6.25,9.3,9.5,4.6,0,1,64.3,"Average"
"Bangladesh","Asia",2011,37.2,46.7,139.3125,0,96,71,21.2,96,96,0.01,1024,149.27,18.7,19.2,5.1,0,1,70.3,"High"
"Pakistan","Asia",2006,75.4,94.5,179.458,0.034,78,32,23.1,58,78,0.13,1217,164.02,21,21.5,4.4,0,1,64.2,"Average"
"Thailand","Asia",2004,15.5,18,184.5775,6.1,96,95,23.2,98,98,0.42,4263,65,9,9.2,6.8,0,1,71.7,"High"
"Kyrgyz Republic","Asia",2007,31.2,35.7,221.239,6.98,94,65,25.5,94,94,0.17,900,5.27,3.3,3.4,10.3,0,1,67.9,"Average"
"Turkmenistan","Asia",2006,42.3,49.6,214.822,2.54,98,99,25.3,98,98,0.08,3057,4.81,3.3,3.3,9.9,0,1,65.4,"Average"
"Pakistan","Asia",2007,74.1,92.7,178.0545,0.034,75,33,23.2,54,75,0.13,1247,167.81,2.8,21.3,4.4,0,1,64.4,"Average"
"Indonesia","Asia",2002,37.8,47.6,192.0885,0.054,63,24,21.8,80,70,0.17,1968,217.36,11,11.1,7,0,1,66.3,"Average"
"Afghanistan","Asia",2013,57.3,76.9,236.221,0.01,64,38,23,64,64,0.03,569,32.27,17.7,17.7,3.5,0,1,62.5,"Average"
"Myanmar","Asia",2002,62.3,84.7,234.2095,0.14,74,63,21.5,84,79,0.53,381,47.7,13.3,13.7,3.3,0,1,60.7,"Average"
"Indonesia","Asia",2008,30,36.7,186.9555,0.071,82,66,22.3,83,77,0.21,2514,235.47,1.7,1.7,7.1,0,1,68.5,"Average"
"Kazakhstan","Asia",2003,30.8,35.2,281.374,6.22,99,99,25.7,99,99,0.05,6046,14.91,2.5,2.6,11.2,0,1,65.7,"Average"
"Sri Lanka","Asia",2011,9.4,10.9,117.8205,3.03,99,99,22.6,99,99,0.01,3177,20.4,15.3,15.3,10.8,0,1,75.6,"High"
"Mongolia","Asia",2002,42,53.7,263.9875,2.41,98,96,24.5,98,98,0.01,1685,2.44,2.4,2.5,8.4,0,1,63.8,"Average"
"Azerbaijan","Asia",2002,53.5,64.3,163.946,0.55,50,67,25.7,80,76,0.18,1754,8.17,3.1,3.1,10.6,0,1,67.4,"Average"
"Turkmenistan","Asia",2012,36.3,42,194.059,3,98,99,26.1,98,97,0.08,5250,5.27,3.2,3.3,9.8,0,1,67.2,"Average"
"Kazakhstan","Asia",2011,16.4,18.3,226.753,3.41,99,99,26.1,99,99,0.12,9507,16.56,2.3,2.5,11.5,0,1,68.7,"Average"
"Uzbekistan","Asia",2000,50.8,60.7,191.823,3.03,99,98,24.8,99,99,0.02,1277,24.65,3.4,3.4,9.1,0,1,67.2,"Average"
"Malaysia","Asia",2003,7.3,8.5,130.2105,0.51,95,91,24.2,96,96,0.24,6728,24.7,9.3,9.1,8,0,1,73.2,"High"
"Singapore","Asia",2007,2.3,2.9,63.981,1.59,96,96,23.5,97,97,0.13,46180,4.59,2.1,2,10.2,0,1,80.4,"High"
"Indonesia","Asia",2015,23.2,27.7,175.564,0.08,78,31,23,85,78,0.15,3332,258.38,1.4,1.2,7.9,0,1,70.8,"High"
"Afghanistan","Asia",2008,69.2,95.7,259.806,0.028,64,23,22.5,64,64,0.02,399,27.72,18.8,18.9,3,0,1,59.9,"Average"
"Vietnam","Asia",2011,18.1,22.7,130.047,2.46,95,65,21.2,96,95,0.16,2123,88.87,14.4,15.2,7.6,0,1,74.9,"High"
"Kazakhstan","Asia",2008,21.9,24.7,257.3335,3.42,99,99,25.9,99,99,0.1,8555,15.78,2.4,2.5,11.5,0,1,67.1,"Average"
"China","Asia",2010,12.5,15.8,92.937,5.75,99,99,23.2,99,99,0.1,5647,1337.71,4.2,3.6,7.3,0,1,74.4,"High"
"Bangladesh","Asia",2004,51.8,68.3,156.4125,0.004,75,63,20.5,88,99,0.01,733,136.99,2.1,2.7,4.5,0,1,67.3,"Average"
"Uzbekistan","Asia",2010,25.4,28.7,157.8785,1.74,99,54,26,99,99,0.14,2131,28.56,3,3.1,10.7,0,1,69.7,"Average"
"Turkmenistan","Asia",2014,36.3,42,191.3055,3.24,97,99,26.3,98,98,0.08,6149,5.47,3.3,3.3,9.8,0,1,67.6,"Average"
"Malaysia","Asia",2002,7.6,8.9,130.4885,0.52,95,91,24.1,94,94,0.25,6488,24.21,9.5,9.3,8.2,0,1,73,"High"
"Sri Lanka","Asia",2005,12.2,14.2,132.3135,1.97,99,99,22,99,99,0.02,2245,19.54,15.4,15.5,10.4,0,1,74.7,"High"
"Uzbekistan","Asia",2013,20,22.5,145.432,1.95,99,99,26.4,99,99,0.14,2487,30.24,3,3.1,11.3,0,1,70.4,"High"
"India","Asia",2012,40.9,52,185.272,3.04,73,36,21.5,79,82,0.08,1347,1265.78,26.9,27.6,5.6,0,1,67.5,"Average"
"Japan","Asia",2011,2.3,3.2,64.2585,8.41,83,92,22.7,96,97,0.17,33011,127.83,1.9,1.6,11.8,1,0,82.6,"High"
"Bhutan","Asia",2009,36,44.9,230.9395,0.15,93,79,23.2,93,93,0.15,2018,0.68,16.8,17.5,2.3,0,1,67.9,"Average"
"Cambodia","Asia",2000,79.2,106.3,259.469,0.6,84,48,20.7,62,59,0.81,487,12.16,11.6,11.9,3.2,0,1,58.4,"Average"
"Japan","Asia",2000,3.3,4.5,72.954,7.96,83,86,22.5,98,85,0.17,31431,126.84,1.6,1.4,10.7,1,0,81.1,"High"
"Mongolia","Asia",2011,20.6,24.4,225.0725,6.65,99,98,25.6,99,99,0.02,3028,2.77,2.2,2.3,9.8,0,1,67.8,"Average"
"China","Asia",2015,8.3,10.7,82.273,5.66,99,99,23.7,99,99,0.1,8016,1379.86,3.6,2.9,7.7,0,1,75.9,"High"
"Mongolia","Asia",2010,22.1,26.3,230.153,7.73,96,95,25.4,96,96,0.02,2630,2.72,2.2,2.3,9.5,0,1,67.4,"Average"
"Myanmar","Asia",2011,47,61,204.845,1.09,40,80,22.2,90,84,0.32,963,50.99,13,13.3,4.3,0,1,64,"Average"
"China","Asia",2007,16.2,20.1,99.551,3.89,92,92,22.9,94,93,0.1,4319,1317.89,4.7,4.1,7,0,1,73.6,"High"
"Afghanistan","Asia",2006,74.6,104.1,271.4905,0.026,64,18,22.3,58,58,0.02,354,26.43,19.2,19.3,2.7,0,1,58.8,"Average"
"Cambodia","Asia",2002,67.3,86.7,243.8905,0.75,84,48,20.8,54,54,0.51,539,12.64,11.6,11.8,3.3,0,1,60.3,"Average"
"Nepal","Asia",2008,40.1,50.8,186.7545,0.2,82,65,21.6,82,82,0.17,675,26.67,17,17.6,3.1,0,1,66.7,"Average"
"India","Asia",2015,34.9,43.5,177.9465,3,87,69,21.7,86,87,0.06,1606,1310.15,26.7,27.3,6.3,0,1,68.6,"Average"
"Indonesia","Asia",2012,25.9,31.2,181.1225,0.08,83,78,22.7,87,83,0.2,2981,248.45,1.5,1.4,7.6,0,1,69.9,"Average"
"Thailand","Asia",2010,11.7,13.6,160.1755,6.19,98,91,23.8,99,99,0.23,5164,67.2,8.2,8.3,7.7,0,1,74.2,"High"
"Maldives","Asia",2002,25.5,30.7,117.6445,1.82,98,69,23.4,98,98,0.17,6832,0.29,14.6,14.7,3.2,0,1,71.7,"High"
"Afghanistan","Asia",2002,85.3,121.1,298.8855,0.02,64,14,21.9,36,36,0.02,320,22.6,19.9,2.2,2.3,0,1,56.8,"Average"
"Turkmenistan","Asia",2015,36.4,42.2,189.928,3.36,99,99,26.4,99,99,0.08,6433,5.57,3.3,3.3,9.8,0,1,67.7,"Average"
"Indonesia","Asia",2004,37.1,49.6,190.6185,0.054,64,29,22,79,71,0.2,2109,223.29,1.9,1.9,7.3,0,1,67,"Average"
"Vietnam","Asia",2002,21.7,27.4,137.514,0.82,89,65,20.1,92,75,0.26,1295,81.53,15.6,16.3,5.8,0,1,73.4,"High"
"Turkmenistan","Asia",2007,40.6,47.4,210.7895,2.23,98,98,25.4,98,98,0.08,3353,4.87,3.3,3.3,9.9,0,1,65.7,"Average"
"Kyrgyz Republic","Asia",2008,29.6,33.7,213.764,7.29,97,65,25.6,95,95,0.21,966,5.32,3.3,3.4,10.3,0,1,68.5,"Average"
"Myanmar","Asia",2015,41,52.2,196.053,1.47,89,78,22.6,89,89,0.28,1197,52.68,12.8,13,4.9,0,1,65.8,"Average"
"Nepal","Asia",2013,32,39.4,163.2835,0.28,92,65,22.1,92,92,0.17,821,26.92,16.1,16.5,4.2,0,1,68.8,"Average"
"Tajikistan","Asia",2003,54.2,65.2,164.6845,0.74,58,94,24.4,82,85,0.02,556,6.54,4,4,10.6,0,1,64.5,"Average"
"Myanmar","Asia",2014,42.3,54.1,197.7265,1.36,88,82,22.5,88,88,0.29,1168,52.28,12.9,13.1,4.8,0,1,65.4,"Average"
"Bhutan","Asia",2011,32.4,40,223.746,0.25,95,95,23.4,95,95,0.14,2387,0.69,16.3,17,2.3,0,1,68.8,"Average"
"Thailand","Asia",2001,17.8,20.9,196.2075,5.84,95,86,23,97,96,0.6,3605,63.54,9.3,9.6,6.3,0,1,70.8,"High"
"Nepal","Asia",2006,43.8,56.3,197.587,0.19,69,65,21.3,91,89,0.17,629,26.07,17.4,18,2.9,0,1,65.8,"Average"
"China","Asia",2011,11.5,14.6,90.7325,5.36,99,99,23.3,99,99,0.1,6153,1345.04,4.1,3.5,7.4,0,1,74.7,"High"
"China","Asia",2005,19.4,24,102.5235,2.92,84,84,22.8,87,87,0.1,3391,1303.72,5,4.4,6.9,0,1,73,"High"
"Kazakhstan","Asia",2014,11.6,13,193.594,3.64,95,99,26.3,95,95,0.14,10539,17.29,2.4,2.5,11.7,0,1,71.4,"High"
"Mongolia","Asia",2005,33.1,40.9,252.831,5.17,98,98,24.8,99,99,0.02,2068,2.53,2.3,2.4,8.6,0,1,65.1,"Average"
"Indonesia","Asia",2006,32.4,39.9,189.1485,0.062,66,50,22.2,78,72,0.22,2289,229.32,1.8,1.8,7.9,0,1,67.7,"Average"
"Cambodia","Asia",2013,30.3,35.3,182.9515,2.8,83,52,21.9,71,83,0.11,1048,15.03,11,11.1,4.6,0,1,67.9,"Average"
"Kyrgyz Republic","Asia",2009,27.8,31.6,206.2885,5.98,96,65,25.7,96,95,0.21,982,5.38,3.3,3.4,10.4,0,1,69.1,"Average"
"India","Asia",2014,36.9,46.2,180.388,3,79,60,21.7,84,85,0.07,1503,1295.6,26.8,27.4,6.1,0,1,68.3,"Average"
"Maldives","Asia",2003,22.8,27.1,109.936,1.95,98,71,23.5,98,98,0.17,7553,0.3,14.6,14.7,3.3,0,1,72.4,"High"
"Bangladesh","Asia",2001,60,81.1,166.197,0.004,75,63,20.3,85,85,0.01,674,130.09,2.7,21.3,4.3,0,1,66,"Average"
"Azerbaijan","Asia",2015,23.3,26.3,124.897,0.51,96,98,26.9,98,96,0.05,5500,9.65,2.8,2.9,10.7,0,1,72.3,"High"
"Thailand","Asia",2015,9.3,10.8,148.889,6.95,99,95,24.3,99,99,0.16,5840,68.71,7.7,7.7,7.6,0,1,76.1,"High"
"Brunei Darussalam","Asia",2000,8.2,10.3,106.3215,0.35,99,95,25.3,99,99,0.1,34064,0.33,6.8,6.3,8.3,0,1,73.1,"High"
"Mongolia","Asia",2015,16.6,19.4,212.841,8.35,99,98,26.1,99,99,0.01,3875,3,2.2,2.3,10.1,0,1,69.1,"Average"
"Myanmar","Asia",2008,63.4,98.4,216.1595,0.79,85,57,21.9,85,85,0.39,753,49.93,13.2,13.4,3.9,0,1,62.7,"Average"
"Maldives","Asia",2015,8.4,9.8,68.362,1.26,99,99,25.3,99,99,0.17,9033,0.45,13.6,13.6,6.3,0,1,77.7,"High"
"Sri Lanka","Asia",2002,13.4,15.5,140.0585,1.62,86,92,21.7,98,98,0.02,1939,19.06,15.4,15.6,10.2,0,1,73.1,"High"
"Uzbekistan","Asia",2006,34.8,40.1,176.2165,1.81,98,63,25.5,94,96,0.13,1656,26.49,3.2,3.2,9.9,0,1,68.7,"Average"
"Lao PDR","Asia",2004,66.1,90.8,249.926,3.54,45,65,21.5,46,45,0.15,1112,5.66,1.1,1.2,4.2,0,1,61.1,"Average"
"Uzbekistan","Asia",2005,37.4,43.4,179.348,1.76,99,81,25.3,99,99,0.12,1560,26.17,3.2,3.2,9.8,0,1,68.4,"Average"
"Malaysia","Asia",2010,6.9,8.1,127.3235,0.52,96,95,25,96,96,0.17,8248,28.21,8.2,8,9.8,0,1,74.5,"High"
"Philippines","Asia",2010,24.8,31.7,206.525,4.73,77,10,22.7,88,79,0.05,2433,93.97,1,9.7,8.9,0,1,69.8,"Average"
"Tajikistan","Asia",2002,58.4,71,167.8915,0.8,39,93,24.3,84,85,0.01,510,6.43,4,4,10.6,0,1,63.7,"Average"
"Cambodia","Asia",2004,56.9,70.7,228.9875,0.9,84,48,21,86,85,0.4,625,13.07,11.6,11.7,3.5,0,1,62.2,"Average"
"Lao PDR","Asia",2007,58.7,79.1,231.569,5.03,50,65,21.8,46,50,0.17,1325,5.94,9.7,9.8,4.4,0,1,62.7,"Average"
"Singapore","Asia",2013,2.2,2.8,53.8245,1.86,97,90,23.6,97,97,0.09,53300,5.4,2.2,2.2,11.4,0,1,82.2,"High"
"Bangladesh","Asia",2005,49.4,64.6,153.489,0.0004,45,63,20.6,94,93,0.01,769,139.04,19.9,2.5,4.5,0,1,67.8,"Average"
"Indonesia","Asia",2000,41,52.2,190.7545,0.063,65,23,21.6,72,75,0.06,1868,211.51,11,11.2,6.7,0,1,65.8,"Average"
"Pakistan","Asia",2013,65.4,80.6,162.208,0.03,72,43,23.7,65,72,0.13,1290,191.26,19.6,2,4.9,0,1,66.1,"Average"
"Vietnam","Asia",2007,19.1,23.9,134.8,1.51,67,65,20.7,92,92,0.21,1752,85.42,14.9,15.8,6.8,0,1,74.5,"High"
"Tajikistan","Asia",2001,62.9,77.2,173.3405,0.8,59,72,24.2,84,85,0.01,468,6.32,4.1,4.1,10.6,0,1,62.8,"Average"
"Afghanistan","Asia",2005,77.3,108.4,278.3395,0.016,66,17,22.2,58,58,0.02,346,25.65,19.3,19.5,2.6,0,1,58.3,"Average"
"Myanmar","Asia",2006,55.8,74.5,222.7865,0.67,75,63,21.8,82,82,0.44,610,49.3,13.2,13.5,3.7,0,1,61.9,"Average"
"Kyrgyz Republic","Asia",2010,26.1,29.5,198.813,6.02,96,65,25.8,88,96,0.16,966,5.45,3.2,3.3,10.6,0,1,69.3,"Average"
"Pakistan","Asia",2015,62.1,76,160.141,0.04,72,54,23.9,72,72,0.13,1357,199.43,19.2,19.6,5.1,0,1,66.6,"Average"
"Bhutan","Asia",2006,42.3,54.1,245.7,0.28,95,77,22.9,96,95,0.21,1572,0.66,17.5,18.3,2.3,0,1,66,"Average"
"China","Asia",2009,13.6,17,95.1415,4.88,99,98,23.1,99,99,0.1,5129,1331.26,4.4,3.8,7.1,0,1,74.1,"High"
"Thailand","Asia",2014,9.7,11.3,150.71,6.91,99,94,24.2,99,99,0.17,5685,68.44,7.8,7.8,7.6,0,1,75.7,"High"
"Philippines","Asia",2014,23.7,30.1,201.364,4.61,67,54,23,82,67,0.09,2867,100.51,1,9.7,9.2,0,1,70.5,"High"
"Azerbaijan","Asia",2010,32.5,37.3,135.9235,0.99,80,89,26.4,85,81,0.09,5215,9.05,2.8,2.9,10.7,0,1,70.9,"High"
"Lao PDR","Asia",2001,73.9,103.1,268.307,3.14,48,65,21.2,55,52,0.14,974,5.41,1.4,1.5,4,0,1,59.4,"Average"
"Japan","Asia",2006,2.7,3.6,66.533,7.48,83,86,22.6,95,98,0.17,33532,127.85,1.7,1.5,11.2,1,0,82.3,"High"
"Bhutan","Asia",2007,40.1,50.8,238.1335,0.15,95,79,23,93,95,0.19,1840,0.66,17.3,18.1,2.3,0,1,66.7,"Average"
"India","Asia",2013,38.8,49,182.8295,3.03,70,51,21.6,82,83,0.08,1416,1280.84,26.8,27.5,5.8,0,1,67.9,"Average"
"China","Asia",2014,9,11.6,84.358,5.65,99,99,23.6,99,99,0.1,7533,1371.86,3.7,3,7.6,0,1,75.6,"High"
"Bhutan","Asia",2002,52.2,68.9,275.964,0.3,83,77,22.4,89,86,0.24,1279,0.62,18.6,19.4,2.3,0,1,62.7,"Average"
"Afghanistan","Asia",2010,64.2,87.8,250.135,0.02,66,29,22.7,66,66,0.02,526,29.19,18.4,18.4,3.2,0,1,61,"Average"
"Philippines","Asia",2011,24.5,31.3,205.572,4.85,87,36,22.8,88,87,0.05,2484,95.57,1,9.7,9,0,1,70,"High"
"Mongolia","Asia",2012,19.4,22.8,219.993,7.53,99,98,25.7,99,99,0.02,3336,2.82,2.2,2.3,9.9,0,1,68.2,"Average"
"Afghanistan","Asia",2015,53.2,70.4,227.735,0,65,42,23.3,67,65,0.03,556,34.41,17.2,17.3,3.6,0,1,63.4,"Average"
"Tajikistan","Asia",2008,39.7,46.3,149.14,0.56,86,87,25,87,86,0.13,739,7.21,3.8,3.8,11,0,1,67.9,"Average"
"Vietnam","Asia",2009,18.5,23.2,132.423,1.97,94,65,20.9,97,96,0.18,1913,87.09,14.6,15.5,8,0,1,74.7,"High"
"Vietnam","Asia",2000,23.5,29.8,139.3635,0.71,85,65,19.9,96,96,0.25,1170,79.91,15.8,16.4,5.4,0,1,73,"High"
"Mongolia","Asia",2006,30.5,37.4,249.112,4.59,98,96,24.9,98,99,0.02,2217,2.56,2.2,2.4,8.8,0,1,65.5,"Average"
"Pakistan","Asia",2014,63.8,78.3,161.1745,0.04,72,48,23.8,69,72,0.13,1323,195.31,19.4,19.8,5.1,0,1,66.4,"Average"
"Mongolia","Asia",2008,25.9,31.2,240.3135,8.92,96,96,25.2,95,96,0.02,2588,2.63,2.2,2.3,9,0,1,66.4,"Average"
"Bhutan","Asia",2001,54.8,72.9,283.9275,1.42,89,77,22.3,88,88,0.23,1176,0.6,18.9,19.6,2.3,0,1,61.8,"Average"
"Mongolia","Asia",2013,18.3,21.5,217.6085,12.58,98,97,25.8,98,98,0.02,3651,2.88,2.2,2.3,10,0,1,68.6,"Average"
"Indonesia","Asia",2011,26.9,32.5,182.5805,0.08,81,76,22.6,81,81,0.2,2849,245.12,1.6,1.5,7.6,0,1,69.5,"Average"
"Maldives","Asia",2001,28.5,34.6,124.3175,1.74,98,69,23.3,97,98,0.17,6544,0.29,14.7,14.8,3.1,0,1,71,"High"
"Philippines","Asia",2009,25,32.1,207.4785,4.34,85,19,22.7,87,87,0.04,2305,92.41,1,9.7,9,0,1,69.7,"Average"
"Afghanistan","Asia",2004,80,112.6,285.188,0.02,67,16,22.1,50,50,0.02,323,24.73,19.5,19.7,2.5,0,1,57.8,"Average"
"Sri Lanka","Asia",2009,13.9,21.3,122.485,2.05,97,97,22.4,97,97,0.02,2750,20.12,15.3,15.4,10.9,0,1,75.3,"High"
"Afghanistan","Asia",2012,59.5,80.3,240.464,0.01,67,33,22.9,67,67,0.03,558,31.16,17.9,18,3.4,0,1,62.1,"Average"
"Tajikistan","Asia",2005,47,55.6,158.27,0.65,81,92,24.6,79,84,0.05,631,6.79,3.8,3.9,10.5,0,1,66.1,"Average"
"Cambodia","Asia",2001,73.4,96.6,251.68,0.62,84,48,20.8,59,60,0.6,516,12.41,11.6,11.8,3.3,0,1,59.3,"Average"
"Bangladesh","Asia",2003,54.3,72.3,159.3365,0.003,75,63,20.4,90,87,0.01,708,134.79,2.3,2.9,4.4,0,1,66.9,"Average"
"Singapore","Asia",2010,2.3,2.8,58.746,1.84,96,96,23.5,96,96,0.11,48753,5.08,2.1,2.1,11.2,0,1,81.5,"High"
"Lao PDR","Asia",2013,45.7,59,203.4325,6.25,87,65,22.6,86,87,0.16,1911,6.54,9,9.1,5.1,0,1,65.7,"Average"
"Japan","Asia",2015,2,2.7,53.586,8.55,83,93,22.7,99,96,0.17,34961,127.14,2.1,1.8,12.5,1,0,83.8,"High"
"Brunei Darussalam","Asia",2005,7.7,9.5,95.93,0.14,99,95,25.8,93,94,0.1,34441,0.37,6.4,5.9,8.5,0,1,74,"High"
"Kazakhstan","Asia",2002,32.6,37.5,284.836,5.78,95,98,25.7,95,95,0.04,5551,14.86,2.6,2.6,11,0,1,66,"Average"
"Singapore","Asia",2005,2.3,2.9,67.5915,1.49,96,95,23.5,96,96,0.14,41799,4.27,2.1,2,10.5,0,1,80,"High"
"Pakistan","Asia",2003,79.3,100.2,183.668,0.014,63,33,22.8,66,67,0.13,1074,153.09,21.6,22,4,0,1,63.5,"Average"
"Uzbekistan","Asia",2011,23.4,26.4,152.8095,1.73,99,99,26.2,99,99,0.14,2231,29.34,3,3.1,10.9,0,1,69.9,"Average"
"Afghanistan","Asia",2003,82.7,116.9,292.0365,0.02,65,15,22,41,41,0.02,332,23.68,19.7,19.9,2.4,0,1,57.3,"Average"
"Kazakhstan","Asia",2010,18.2,20.4,236.9465,3.94,99,99,26,98,99,0.11,8979,16.32,2.3,2.5,11.4,0,1,68.5,"Average"
"Nepal","Asia",2003,50.6,66.4,215.7345,0.2,46,65,21,76,78,0.17,584,25.08,18,18.6,2.6,0,1,64.2,"Average"
"Tajikistan","Asia",2015,32.6,37.5,134.715,0.92,96,94,25.9,96,96,0.11,978,8.45,3.6,3.7,10.5,0,1,70.1,"High"
"Philippines","Asia",2006,26,33.6,210.145,4.05,77,19,22.5,88,88,0.02,2149,87.89,1,9.7,8.8,0,1,69.2,"Average"
"Maldives","Asia",2014,9.1,10.5,70.354,1.3,99,97,25.2,99,99,0.17,9182,0.44,13.6,13.7,6.2,0,1,77.4,"High"
"Maldives","Asia",2008,13.8,16.1,78.1485,1.52,98,76,24.2,98,98,0.17,9119,0.34,14.2,14.3,4.3,0,1,75.1,"High"
"Malaysia","Asia",2011,6.8,8,126.7315,0.54,96,95,25.1,96,96,0.16,8550,28.65,8,7.8,10.1,0,1,74.7,"High"
"Sri Lanka","Asia",2008,10.5,12.2,124.8175,2.1,98,97,22.3,98,98,0.02,2675,19.98,15.4,15.4,11,0,1,75.2,"High"
"Malaysia","Asia",2004,7.1,8.3,129.9325,0.51,94,91,24.3,95,95,0.22,7044,25.19,9.2,8.9,7.8,0,1,73.4,"High"
"Malaysia","Asia",2001,8.1,9.4,132.819,0.52,95,91,24,95,96,0.27,6286,23.71,9.7,9.4,8.4,0,1,72.8,"High"
"Myanmar","Asia",2001,63.8,87.1,237.811,0.12,74,63,21.4,77,73,0.54,345,47.23,13.3,13.7,3.2,0,1,60.4,"Average"
"Thailand","Asia",2005,14.8,17.2,179.3555,6.19,96,95,23.3,98,98,0.37,4412,65.42,8.9,9.1,7,0,1,72.1,"High"
"Azerbaijan","Asia",2003,50.1,59.7,159.492,0.55,51,66,25.8,79,77,0.2,1919,8.23,3,3,10.6,0,1,67.8,"Average"
"Myanmar","Asia",2013,43.8,56.2,199.4,1.31,75,80,22.4,76,75,0.31,1088,51.85,12.9,13.2,4.7,0,1,64.9,"Average"
"Pakistan","Asia",2005,76.6,96.3,180.861,0.039,65,33,23,63,77,0.13,1175,160.3,21.2,21.7,4.5,0,1,64,"Average"
"Bhutan","Asia",2013,29.6,36.2,216.1,0.31,97,89,23.6,97,97,0.14,2501,0.71,15.9,16.5,2.8,0,1,69.7,"Average"
"Tajikistan","Asia",2013,34.2,39.4,137.093,0.8,96,92,25.6,97,96,0.12,907,8.06,3.6,3.7,10.7,0,1,69.6,"Average"
"Japan","Asia",2013,2.1,2.9,57.102,8.65,83,93,22.7,99,96,0.17,34240,127.45,2,1.7,12.2,1,0,83.3,"High"
"Lao PDR","Asia",2005,63.6,86.8,243.807,3.69,49,65,21.6,50,49,0.16,1172,5.75,1,1.1,4.2,0,1,61.6,"Average"
"Brunei Darussalam","Asia",2011,8.1,9.8,91.9455,0.91,93,93,26.5,96,97,0.1,34244,0.39,5.9,5.4,8.8,0,1,74.9,"High"
"Nepal","Asia",2014,30.5,37.4,158.944,0.24,92,65,22.2,92,92,0.17,871,26.91,15.9,16.3,4.5,0,1,69.2,"Average"
"Brunei Darussalam","Asia",2001,8,10.1,104.114,0.44,99,95,25.4,99,97,0.1,34291,0.34,6.8,6.2,8.3,0,1,73.1,"High"
"Azerbaijan","Asia",2005,44.1,51.9,150.584,0.73,49,67,26,79,75,0.19,2632,8.39,2.9,3,10.7,0,1,68.7,"Average"
"Japan","Asia",2009,2.4,3.3,63.037,6.98,83,92,22.7,99,97,0.17,31651,128.05,1.8,1.6,11.4,1,0,82.9,"High"
"Philippines","Asia",2002,27.8,36.2,213.186,4.39,42,19,22.3,77,79,0.01,1876,81.37,1,9.7,7.9,0,1,68.9,"Average"
"Sri Lanka","Asia",2000,14.2,16.5,165.2695,1.45,86,78,21.5,99,99,0.02,1923,18.78,15.3,15.5,10,0,1,71.3,"High"
"Pakistan","Asia",2000,84.6,107.8,188.328,0.015,64,33,22.5,61,62,0.13,1029,142.34,22.2,22.6,3.3,0,1,62.8,"Average"
"Cambodia","Asia",2014,28.7,33.4,179.3025,3.07,88,62,22,92,88,0.11,1105,15.27,1.9,11,4.7,0,1,68.3,"Average"
"Turkmenistan","Asia",2010,37.2,43.1,200.751,2.9,96,99,25.8,96,96,0.08,4266,5.09,3.2,3.3,9.9,0,1,66.7,"Average"
"Myanmar","Asia",2005,57.4,77.2,225.6425,0.63,62,62,21.7,86,73,0.47,542,48.95,13.2,13.6,3.5,0,1,61.6,"Average"
"Sri Lanka","Asia",2006,11.6,13.5,129.7315,1.96,98,98,22.1,98,98,0.02,2398,19.7,15.4,15.5,10.5,0,1,74.9,"High"
"Uzbekistan","Asia",2004,40.1,46.8,182.4795,2.82,99,99,25.2,99,99,0.1,1476,25.86,3.2,3.2,9.7,0,1,68.1,"Average"
"Kazakhstan","Asia",2000,36.7,42.5,290.732,5.81,99,98,25.6,96,97,0.02,4446,14.88,2.7,2.7,10.5,0,1,65.5,"Average"
"Japan","Asia",2007,2.6,3.5,65.136,7.28,83,89,22.6,97,98,0.17,33990,128,1.8,1.5,11.3,1,0,82.5,"High"
"India","Asia",2000,66.7,91.7,221.6305,0.93,67,34,20.7,57,58,0.34,758,1056.58,27.7,28.6,4.4,0,1,62.5,"Average"
"Vietnam","Asia",2008,18.8,23.5,133.6115,1.78,87,65,20.8,93,93,0.19,1833,86.24,14.7,15.7,7,0,1,74.6,"High"
"Singapore","Asia",2003,2.5,3.2,71.202,1.43,95,96,23.5,96,96,0.15,36710,4.11,2.1,2,9.8,0,1,79,"High"
"Nepal","Asia",2002,53.1,70.4,221.783,0.19,46,65,20.9,72,72,0.17,570,24.73,18.2,18.8,2.5,0,1,63.6,"Average"
"Bangladesh","Asia",2014,32.5,40.1,132.246,0.01,97,89,21.5,97,97,0.01,1185,154.52,18.1,18.6,5.2,0,1,71.2,"High"
"Cambodia","Asia",2012,32.3,37.7,186.6,2.52,86,41,21.8,90,86,0.12,993,14.78,11,11.2,4.5,0,1,67.5,"Average"
"Mongolia","Asia",2014,17.4,20.4,215.2245,9.88,99,98,26,99,99,0.02,3860,2.94,2.2,2.3,10.1,0,1,68.9,"Average"
"Vietnam","Asia",2001,22.6,28.5,138.4385,0.76,87,65,20,96,96,0.25,1230,80.74,15.7,16.4,5.6,0,1,73.2,"High"
"Philippines","Asia",2004,26.9,34.9,211.6655,4.42,48,18,22.4,85,88,0.01,2018,84.71,1,9.7,8.6,0,1,69,"Average"
"Cambodia","Asia",2003,61.8,78,236.439,0.84,84,48,20.9,69,69,0.45,575,12.86,11.6,11.7,3.4,0,1,61.2,"Average"
"Singapore","Asia",2006,2.3,2.9,65.786,1.55,95,96,23.5,95,95,0.14,44160,4.4,2.1,2,10.1,0,1,80.1,"High"
"Mongolia","Asia",2001,45.3,58.5,266.119,2.18,95,95,24.4,95,95,0.01,1624,2.42,2.5,2.6,8.3,0,1,63.3,"Average"
"Vietnam","Asia",2003,21,26.4,136.971,0.93,78,65,20.2,96,99,0.26,1372,82.3,15.6,16.2,6,0,1,73.7,"High"
"Lao PDR","Asia",2006,61.1,82.9,237.688,3.71,57,65,21.7,56,57,0.16,1253,5.85,9.9,9.9,4.3,0,1,62.2,"Average"
"Brunei Darussalam","Asia",2007,7.7,9.5,91.9455,0.83,97,92,26,95,99,0.1,35065,0.37,6.2,5.7,8.6,0,1,74.4,"High"
"Tajikistan","Asia",2004,50.4,60.1,161.477,0.7,81,98,24.5,82,86,0.03,602,6.66,3.9,3.9,10.5,0,1,65.3,"Average"
"Bangladesh","Asia",2013,34,42.2,134.7385,0,96,82,21.4,96,96,0.01,1130,152.76,18.3,18.8,5.1,0,1,70.9,"High"
"Philippines","Asia",2005,26.4,34.2,210.905,4.19,49,19,22.5,90,89,0.01,2078,86.33,1,9.7,8.7,0,1,69.1,"Average"
"Kyrgyz Republic","Asia",2014,20.9,23.5,171.816,6.18,96,65,26.4,95,96,0.13,1102,5.84,3.3,3.4,10.8,0,1,70.4,"High"
"Myanmar","Asia",2010,48.8,63.7,208.6165,0.97,92,75,22.1,90,90,0.34,903,50.6,13.1,13.3,4.1,0,1,63.5,"Average"
"Azerbaijan","Asia",2013,26.7,30.3,129.6915,0.52,93,98,26.7,96,93,0.06,5426,9.42,2.8,2.8,10.8,0,1,71.8,"High"
"Mongolia","Asia",2000,48.6,63.5,268.2505,2.15,93,75,24.3,94,94,0.01,1592,2.4,2.6,2.6,8.2,0,1,62.9,"Average"
"Uzbekistan","Asia",2007,32.2,37,173.085,1.75,99,44,25.6,98,96,0.14,1787,26.87,3.1,3.1,10.1,0,1,68.9,"Average"
"Sri Lanka","Asia",2007,11,12.8,127.15,2.29,98,97,22.2,98,98,0.02,2543,19.84,15.4,15.5,10.6,0,1,75,"High"
"Sri Lanka","Asia",2010,9.8,11.4,120.153,2.31,99,99,22.5,99,99,0.01,2950,20.26,15.3,15.3,10.8,0,1,75.4,"High"
"Malaysia","Asia",2008,6.9,8.1,128.5065,0.5,97,93,24.8,97,97,0.18,8074,27.24,8.5,8.3,9.4,0,1,74.1,"High"
"Bangladesh","Asia",2006,47,61,150.565,0.003,86,62,20.7,95,94,0.01,809,140.92,19.7,2.3,4.6,0,1,68.2,"Average"
"Kyrgyz Republic","Asia",2015,19.9,22.3,165.7935,5.37,97,65,26.5,97,97,0.12,1121,5.96,3.3,3.4,10.8,0,1,70.7,"High"
"Brunei Darussalam","Asia",2014,8.6,10.4,89.377,0.67,99,96,26.9,99,99,0.1,31679,0.41,5.7,5.2,9,0,1,75.2,"High"
"Lao PDR","Asia",2014,43.8,56.3,199.529,6.74,88,65,22.7,88,88,0.16,2025,6.64,8.9,9,5,0,1,66.1,"Average"
"Tajikistan","Asia",2009,38.1,44.3,146.4255,0.66,93,93,25.1,93,93,0.17,752,7.36,3.7,3.8,10.9,0,1,68.4,"Average"
"Kazakhstan","Asia",2012,14.6,16.3,216.56,3.73,95,97,26.1,98,99,0.13,9824,16.79,2.4,2.5,11.5,0,1,69.5,"Average"
"Sri Lanka","Asia",2003,13,15.1,137.477,1.69,86,90,21.8,98,99,0.02,2037,19.22,15.4,15.5,10.2,0,1,73.8,"High"
"Thailand","Asia",2012,10.6,12.4,154.351,7.1,98,91,24,99,99,0.2,5531,67.84,8,8.1,7.7,0,1,75,"High"
"Vietnam","Asia",2013,17.8,22.2,127.4215,2.68,59,65,21.5,93,59,0.13,2315,90.75,14.3,14.9,7.9,0,1,75,"High"
"Malaysia","Asia",2009,6.9,8.1,127.9145,0.5,96,95,24.9,97,97,0.18,7809,27.74,8.3,8.2,9.6,0,1,74.3,"High"
"India","Asia",2008,49.4,64.6,197.9155,1.92,29,33,21.2,69,70,0.12,1093,1200.67,27,27.9,5.2,0,1,65.8,"Average"
"Kazakhstan","Asia",2005,27.3,31,274.4505,6.57,94,96,25.8,99,98,0.07,7155,15.15,2.4,2.5,11.7,0,1,65.9,"Average"
"Uzbekistan","Asia",2001,48.4,57.4,190.2825,2.92,99,98,24.9,99,99,0.02,1313,24.96,3.4,3.3,9.2,0,1,67.4,"Average"
"Tajikistan","Asia",2007,41.7,48.8,151.8545,0.54,84,90,24.8,85,86,0.1,699,7.06,3.8,3.8,10.5,0,1,67.4,"Average"
"Kyrgyz Republic","Asia",2001,40.6,47.4,223.721,5.7,57,65,24.8,99,99,0.03,749,4.95,3.6,3.6,9.9,0,1,68.7,"Average"
"Afghanistan","Asia",2001,87.9,125.2,304.858,0.02,63,13,21.8,35,33,0.02,163,21.61,2.1,2.4,2.2,0,1,56.3,"Average"
"Brunei Darussalam","Asia",2006,7.7,9.5,93.9375,0.63,99,94,25.9,94,97,0.1,35456,0.37,6.3,5.8,8.5,0,1,74.2,"High"
"Bhutan","Asia",2004,47.2,61.2,260.832,0.97,89,77,22.7,90,89,0.23,1410,0.64,18,18.8,2.3,0,1,64.5,"Average"
"Kazakhstan","Asia",2015,10.6,11.9,182.111,3.33,98,98,26.3,98,98,0.14,10511,17.54,2.4,2.5,11.7,0,1,72,"High"
"Kyrgyz Republic","Asia",2004,35.6,41.1,222.7265,6.65,99,65,25.1,98,99,0.08,831,5.1,3.4,3.4,10.1,0,1,68.2,"Average"
"Singapore","Asia",2002,2.6,3.4,73.007,2.16,95,96,23.5,94,94,0.15,34599,4.18,2.1,2,9.5,0,1,78.6,"High"
"Brunei Darussalam","Asia",2012,8.2,10,91.9455,0.96,99,96,26.7,92,99,0.1,34097,0.4,5.8,5.3,8.9,0,1,75,"High"
"Cambodia","Asia",2008,43.2,51.3,202.626,1.35,91,49,21.4,91,91,0.22,867,13.88,11.2,11.4,3.9,0,1,65.4,"Average"
"Myanmar","Asia",2004,59.1,79.7,228.498,0.64,74,63,21.6,92,82,0.49,481,48.56,13.3,13.6,3.5,0,1,61.3,"Average"
"Indonesia","Asia",2010,27.9,33.8,184.039,0.08,83,74,22.5,82,81,0.21,2720,241.83,1.6,1.5,7.4,0,1,69.2,"Average"
"China","Asia",2012,10.6,13.5,88.5285,5.52,99,99,23.4,99,99,0.1,6592,1354.19,3.9,3.3,7.5,0,1,75,"High"
"Bangladesh","Asia",2009,40.7,51.8,143.4765,0.003,97,59,21,97,97,0.01,932,145.92,19.1,19.7,4.8,0,1,69.5,"Average"
"Brunei Darussalam","Asia",2015,8.8,10.6,88.093,0.67,99,97,27,99,99,0.1,31164,0.41,5.7,5.1,9,0,1,75.3,"High"
"Bangladesh","Asia",2008,42.7,54.7,145.5585,0.003,96,65,20.9,96,96,0.01,897,144.3,19.3,19.9,4.8,0,1,69.1,"Average"
"Philippines","Asia",2003,27.3,35.5,212.4255,4.42,52,19,22.4,85,84,0.01,1931,83.05,1,9.7,8,0,1,68.9,"Average"
"Maldives","Asia",2012,10.4,12.1,74.337,1.23,99,99,24.9,99,99,0.17,8733,0.4,13.8,13.9,5.5,0,1,76.7,"High"
"Malaysia","Asia",2007,6.9,8.1,129.098,0.46,96,92,24.7,97,97,0.19,7850,26.72,8.7,8.5,8.8,0,1,73.9,"High"
"Turkmenistan","Asia",2003,49.2,58.6,226.9195,2.57,97,89,25,66,83,0.08,2398,4.66,3.5,3.4,9.9,0,1,64.4,"Average"
"Azerbaijan","Asia",2009,34.7,39.9,137.841,1.92,74,83,26.3,84,81,0.1,5024,8.95,2.8,2.9,10.7,0,1,70.6,"High"
"Bangladesh","Asia",2015,31,38.1,129.753,0.01,97,90,21.6,98,97,0.01,1248,156.26,17.9,18.3,5.2,0,1,71.5,"High"
"Lao PDR","Asia",2009,54,71.7,221.876,5.25,67,65,22.1,67,67,0.17,1485,6.15,9.4,9.6,4.5,0,1,63.8,"Average"
"Bhutan","Asia",2003,49.7,65,268.3975,0.53,95,77,22.5,96,95,0.24,1353,0.63,18.3,19.1,2.3,0,1,63.6,"Average"
"Philippines","Asia",2007,25.7,33,209.3845,4.14,87,17,22.6,87,87,0.02,2251,89.41,1,9.7,8.9,0,1,69.4,"Average"
"Sri Lanka","Asia",2012,8.9,10.4,115.4885,2.89,99,99,22.7,99,99,0.01,3463,20.43,15.3,15.2,10.9,0,1,75.8,"High"
"Tajikistan","Asia",2012,35,40.3,138.2825,0.77,94,97,25.5,96,94,0.14,865,7.87,3.6,3.7,10.7,0,1,69.3,"Average"
"Thailand","Asia",2013,10.2,11.8,152.5305,6.89,99,94,24.1,99,99,0.19,5654,68.14,7.9,7.9,7.5,0,1,75.4,"High"
"Uzbekistan","Asia",2015,17.3,19.3,140.815,2.59,99,99,26.7,99,99,0.14,2754,31.3,3,3.1,11.4,0,1,70.9,"High"
"Azerbaijan","Asia",2014,24.9,28.2,127.294,0.36,94,98,26.8,97,94,0.05,5506,9.54,2.8,2.9,10.7,0,1,72,"High"
"Cambodia","Asia",2010,37.3,43.8,194.613,2.16,89,48,21.6,90,89,0.16,892,14.31,11,11.3,4.4,0,1,66.6,"Average"
"India","Asia",2004,57.8,77.8,210.2435,1.18,60,34,21,58,63,0.17,898,1129.62,27.2,28.2,4.7,0,1,64.1,"Average"
"Lao PDR","Asia",2008,56.3,75.4,226.723,5.15,61,65,22,60,61,0.17,1405,6.05,9.6,9.7,4.4,0,1,63.3,"Average"
"Malaysia","Asia",2014,6.8,8,123.1955,0.54,96,99,25.5,97,97,0.15,9601,29.87,7.6,7.4,10.1,0,1,75.3,"High"
"Pakistan","Asia",2001,82.6,105,186.6995,0.014,64,33,22.6,63,65,0.13,1039,145.98,22,22.4,3.5,0,1,63.1,"Average"
"Philippines","Asia",2008,25.3,32.5,208.4315,4.15,88,22,22.6,87,91,0.03,2310,90.9,1,9.7,9,0,1,69.5,"Average"
"Bangladesh","Asia",2012,35.6,44.4,137.2305,0,94,41,21.3,94,94,0.01,1078,151.01,18.5,19,5.1,0,1,70.6,"High"
"China","Asia",2002,25.6,31.5,106.982,2.88,70,88,22.5,86,86,0.1,2558,1280.4,5.5,4.9,6.6,0,1,72.1,"High"
"Brunei Darussalam","Asia",2002,7.9,9.8,101.907,0.12,99,96,25.5,99,94,0.1,34927,0.35,6.7,6.1,8.4,0,1,73.3,"High"
"Singapore","Asia",2004,2.4,3,69.3965,1.44,94,96,23.5,95,95,0.14,39857,4.17,2.1,2,10.2,0,1,79.5,"High"
"Uzbekistan","Asia",2009,27.5,31.3,162.9475,1.7,98,84,25.9,99,98,0.14,2038,27.77,3.1,3.1,10.5,0,1,69.4,"Average"
"China","Asia",2000,29.9,36.7,112.89,3.01,60,89,22.4,86,85,0.1,2194,1262.65,5.9,5.1,6.5,0,1,71.4,"High"
"Afghanistan","Asia",2007,71.9,99.9,264.6415,0.018,63,21,22.4,63,63,0.02,393,27.1,19,19.1,2.9,0,1,59.4,"Average"
"Uzbekistan","Asia",2002,45.7,53.9,188.7425,2.73,99,97,25,99,99,0.04,1349,25.27,3.3,3.3,9.4,0,1,67.6,"Average"
"Nepal","Asia",2010,36.6,45.9,177.189,0.23,82,65,21.8,83,82,0.17,730,27.01,16.7,17.2,3.3,0,1,67.6,"Average"
"Lao PDR","Asia",2002,71.3,98.9,262.1635,3.35,48,65,21.3,55,53,0.15,1016,5.49,1.3,1.4,4,0,1,59.9,"Average"
"Thailand","Asia",2011,11.2,13,157.2635,6.61,98,91,23.9,99,99,0.22,5182,67.52,8.1,8.2,7.5,0,1,74.6,"High"
"Japan","Asia",2010,2.4,3.2,62.1335,8.28,83,97,22.7,98,97,0.17,32942,128.07,1.9,1.6,11.5,1,0,82.8,"High"
"Mongolia","Asia",2004,35.9,44.9,256.5495,1.7,98,98,24.7,99,99,0.02,1952,2.5,2.3,2.4,8.5,0,1,64.7,"Average"
"China","Asia",2004,21.4,26.3,104.0095,2.96,79,90,22.7,87,87,0.1,3062,1296.08,5.1,4.6,6.8,0,1,72.7,"High"
"Sri Lanka","Asia",2014,7.9,9.3,111.2825,2.45,99,99,22.9,99,99,0.01,3694,20.78,15.2,15,10.9,0,1,76.1,"High"
"Azerbaijan","Asia",2006,41.5,48.6,146.13,0.85,52,68,26,80,78,0.17,3501,8.48,2.9,2.9,10.7,0,1,69.3,"Average"
"Turkmenistan","Asia",2002,51.9,62.2,230.952,2.41,96,87,24.9,99,98,0.08,2345,4.61,3.5,3.5,9.9,0,1,64.1,"Average"
"Lao PDR","Asia",2003,68.7,94.8,256.0445,3.43,50,65,21.4,52,49,0.15,1061,5.58,1.2,1.3,4.1,0,1,60.5,"Average"
"China","Asia",2001,27.8,34.1,109.9355,2.81,65,89,22.5,86,86,0.1,2360,1271.85,5.7,5,6.5,0,1,71.7,"High"
"Singapore","Asia",2001,2.8,3.6,76.5795,2.08,95,96,23.5,95,96,0.15,33598,4.14,2.1,2,9.2,0,1,78.3,"High"
"Maldives","Asia",2006,16.5,19.3,86.81,1.41,98,76,24,98,98,0.17,8110,0.33,14.3,14.5,3.6,0,1,74.1,"High"
"Afghanistan","Asia",2009,66.7,91.7,254.9705,0.01,63,24,22.6,63,63,0.02,473,28.39,18.6,18.7,3.1,0,1,60.5,"Average"
"Philippines","Asia",2000,28.7,37.7,215.3515,4.72,46,19,22.2,74,78,0.01,1831,77.99,1,9.6,7.6,0,1,68.8,"Average"
"Kyrgyz Republic","Asia",2013,22,24.7,177.8395,6.03,97,65,26.2,97,97,0.13,1081,5.72,3.3,3.3,10.7,0,1,70.2,"High"
"Kazakhstan","Asia",2013,13,14.6,205.077,3.8,99,99,26.2,98,98,0.13,10264,17.04,2.4,2.5,11.6,0,1,70.6,"High"
"Kyrgyz Republic","Asia",2011,24.5,27.7,191.338,5.95,96,65,26,94,96,0.14,1011,5.51,3.2,3.3,10.6,0,1,69.6,"Average"
"Singapore","Asia",2015,2.2,2.7,50.9615,1.82,96,90,23.6,96,96,0.07,55647,5.54,2.2,2.2,11.5,0,1,82.7,"High"
"Uzbekistan","Asia",2014,18.6,20.8,143.1235,2.5,99,99,26.6,99,99,0.14,2614,30.76,3,3.1,11.3,0,1,70.7,"High"
"India","Asia",2006,53.6,71.1,204.132,1.35,60,34,21.1,66,65,0.14,1015,1165.49,27.1,28,4.9,0,1,64.9,"Average"
"Nepal","Asia",2012,33.5,41.5,167.6235,0.26,90,65,22,90,90,0.17,791,26.99,16.3,16.7,4,0,1,68.4,"Average"
"Thailand","Asia",2000,18.7,22,197.392,5.81,95,99,22.9,97,97,0.66,3518,62.95,9.4,9.7,6.1,0,1,70.6,"High"
"Nepal","Asia",2000,58.7,79.1,237.2425,0.084,46,65,20.7,74,74,0.17,561,23.94,18.5,19.2,2.4,0,1,62.3,"Average"
"Bangladesh","Asia",2000,63.1,86,170.133,0.005,75,63,20.2,83,82,0.01,654,127.66,2.9,21.5,4.1,0,1,65.4,"Average"
"Uzbekistan","Asia",2003,43,50.4,185.611,2.92,99,98,25.1,99,98,0.05,1390,25.57,3.3,3.3,9.5,0,1,67.9,"Average"
"Pakistan","Asia",2008,72.8,90.9,175.0925,0.036,65,34,23.2,53,62,0.13,1239,171.65,2.7,21.1,4.4,0,1,64.7,"Average"
"Myanmar","Asia",2009,50.5,66.3,212.388,0.88,91,65,22,90,90,0.36,826,50.25,13.1,13.4,4,0,1,63.1,"Average"
"Indonesia","Asia",2014,24.1,28.8,177.417,0.09,78,28,22.9,90,78,0.17,3217,255.13,1.4,1.2,7.8,0,1,70.5,"High"
"Kyrgyz Republic","Asia",2005,34.1,39.2,222.2305,6.52,97,65,25.2,98,98,0.1,821,5.16,3.4,3.4,10.2,0,1,68,"Average"
"Cambodia","Asia",2011,34.6,40.5,190.6065,2.4,88,52,21.7,91,88,0.13,940,14.54,11,11.2,4.4,0,1,67,"Average"
"Tajikistan","Asia",2000,67.6,83.6,178.7895,0.81,52,59,24.1,86,83,0.01,434,6.22,4.2,4.1,10.6,0,1,62,"Average"
"Lao PDR","Asia",2011,49.7,65.1,212.1825,6.3,78,65,22.3,79,78,0.17,1687,6.35,9.2,9.4,4.8,0,1,64.8,"Average"
"Japan","Asia",2008,2.5,3.4,64.0215,7.06,83,78,22.6,98,98,0.17,33558,128.06,1.8,1.5,11.4,1,0,82.6,"High"
"Azerbaijan","Asia",2000,60.9,74.4,169.5265,0.66,50,66,25.6,75,76,0.12,1481,8.05,3.2,3.1,10.6,0,1,66.8,"Average"
"Thailand","Asia",2009,12.2,14.2,163.0875,6.74,98,91,23.7,99,99,0.25,4826,66.87,8.3,8.5,7.5,0,1,73.8,"High"
"Thailand","Asia",2006,14.1,16.4,174.1335,6.1,96,94,23.4,98,98,0.33,4604,65.81,8.7,8.9,7,0,1,72.5,"High"
"Cambodia","Asia",2015,27.3,31.8,175.654,3.34,89,61,22.1,92,89,0.1,1163,15.52,1.9,1.9,4.7,0,1,68.6,"Average"
"Vietnam","Asia",2005,19.9,24.9,135.885,1.19,94,65,20.4,94,95,0.24,1557,83.83,15.3,16,6.4,0,1,74.1,"High"
"Brunei Darussalam","Asia",2013,8.4,10.2,90.6615,0.69,98,92,26.8,99,99,0.1,32925,0.4,5.8,5.2,8.9,0,1,75.1,"High"
"Philippines","Asia",2013,23.9,30.5,202.9915,4.61,89,54,22.9,85,89,0.07,2740,98.87,1,9.7,9.1,0,1,70.3,"High"
"Vietnam","Asia",2012,17.9,22.4,128.8585,2.57,97,65,21.3,97,97,0.14,2217,89.8,14.4,15,7.8,0,1,75,"High"
"India","Asia",2005,55.7,74.4,207.188,1.25,80,34,21,65,65,0.16,954,1147.61,27.2,28.1,4.8,0,1,64.5,"Average"
"Singapore","Asia",2008,2.3,2.8,62.236,1.69,97,96,23.5,97,97,0.12,44602,4.84,2.1,2.1,10.5,0,1,80.8,"High"
"Azerbaijan","Asia",2008,36.8,42.7,139.7585,1.12,68,79,26.2,85,81,0.12,4693,8.76,2.8,2.9,10.2,0,1,70.2,"High"
"Vietnam","Asia",2014,17.6,22,125.984,2.78,95,65,21.6,96,95,0.12,2438,91.71,14.3,14.7,7.8,0,1,75.1,"High"
"Singapore","Asia",2009,2.3,2.8,60.491,1.73,96,95,23.5,97,97,0.12,43333,4.99,2.1,2.1,10.5,0,1,81.2,"High"
"Bhutan","Asia",2000,57.5,77.2,291.8915,1.66,98,77,22.2,98,92,0.21,1108,0.59,19.2,19.9,2.3,0,1,60.9,"Average"
"Nepal","Asia",2001,55.8,74.6,229.513,0.091,46,65,20.8,73,72,0.17,578,24.35,18.3,19,2.5,0,1,62.9,"Average"
"Pakistan","Asia",2010,70.1,87.1,169.1665,0.04,82,34,23.4,52,82,0.13,1239,179.42,2.2,2.7,4.7,0,1,65.3,"Average"
"China","Asia",2013,9.8,12.5,86.4435,5.62,99,99,23.5,99,99,0.1,7056,1363.24,3.8,3.2,7.5,0,1,75.3,"High"
"India","Asia",2009,47.2,61.4,194.7545,2.46,37,34,21.3,73,74,0.11,1162,1217.73,27,27.8,5.3,0,1,66.2,"Average"
"Cambodia","Asia",2005,52.8,64.7,221.5355,1.1,84,48,21.1,82,82,0.35,696,13.27,11.5,11.6,3.5,0,1,63.1,"Average"
"India","Asia",2003,60,81.1,213.299,1.17,67,34,20.9,57,61,0.19,845,1111.52,27.3,28.3,4.7,0,1,63.7,"Average"
"Bhutan","Asia",2008,38,47.8,234.5365,0.16,96,72,23.1,96,96,0.17,1909,0.67,17.1,17.8,2.3,0,1,67.3,"Average"
"India","Asia",2002,62.1,84.5,216.3545,1.08,67,34,20.8,58,59,0.22,797,1093.32,27.4,28.4,4.6,0,1,63.3,"Average"
"Japan","Asia",2001,3.1,4.3,71.4415,8.01,83,86,22.5,81,95,0.17,31476,127.15,1.7,1.4,10.8,1,0,81.4,"High"
"Kazakhstan","Asia",2009,20,22.5,247.1405,3.16,99,99,26,99,98,0.11,8488,16.09,2.3,2.5,11.5,0,1,68.4,"Average"
"Maldives","Asia",2010,11.9,13.9,76.243,1.58,97,96,24.6,97,96,0.17,8522,0.37,14,14.1,4.9,0,1,75.9,"High"
"Kazakhstan","Asia",2004,29,33.1,277.9125,6.23,99,99,25.7,99,82,0.06,6581,15.01,2.5,2.6,11.5,0,1,66.1,"Average"
"Maldives","Asia",2011,11.1,12.9,75.29,1.69,96,96,24.7,96,96,0.17,8893,0.38,13.9,14,5.2,0,1,76.3,"High"
"Indonesia","Asia",2009,29,35.2,185.497,0.074,82,67,22.4,85,78,0.21,2595,238.62,1.7,1.6,7.4,0,1,68.9,"Average"
"Bhutan","Asia",2015,27.4,33.1,208.003,0.04,99,94,23.8,98,99,0.13,2753,0.73,15.4,16,3.1,0,1,70.4,"High"
"Maldives","Asia",2000,31.7,39,130.99,1.99,96,70,23.1,98,98,0.17,6982,0.28,14.8,14.8,3,0,1,70.2,"High"
"Turkmenistan","Asia",2008,39.1,45.5,207.4435,2.12,96,99,25.6,96,96,0.08,3795,4.94,3.2,3.3,9.9,0,1,66,"Average"
"Thailand","Asia",2002,17,19.9,195.0225,5.86,95,89,23,97,96,0.53,3795,64.07,9.2,9.5,6.5,0,1,71.1,"High"
"Bangladesh","Asia",2010,38.9,49.1,141.3945,0,94,65,21.1,94,94,0.01,973,147.58,18.9,19.4,4.9,0,1,69.9,"Average"
"Turkmenistan","Asia",2005,44.4,52.3,218.8545,2.63,99,98,25.2,99,99,0.08,2787,4.75,3.4,3.4,9.9,0,1,65,"Average"
"Lao PDR","Asia",2015,42.1,53.8,195.625,7.09,89,65,22.8,89,89,0.15,2140,6.74,8.8,8.9,5.1,0,1,66.5,"Average"
"Nepal","Asia",2004,48.2,62.7,209.685,0.23,27,65,21.1,80,80,0.17,603,25.42,17.8,18.4,2.7,0,1,64.7,"Average"
"Singapore","Asia",2011,2.2,2.8,57.001,1.89,96,96,23.6,96,96,0.1,50714,5.18,2.1,2.1,11.2,0,1,81.7,"High"
"Kyrgyz Republic","Asia",2000,42.5,49.8,223.7235,5.33,44,65,24.7,99,99,0.02,718,4.9,3.6,3.6,9.8,0,1,68.6,"Average"
"Bangladesh","Asia",2002,57,76.5,162.2605,0.003,75,63,20.4,83,83,0.01,687,132.48,2.5,21.1,4.3,0,1,66.4,"Average"
"Mongolia","Asia",2007,28.1,34.1,245.3935,9.12,98,97,25,99,95,0.02,2411,2.59,2.2,2.4,8.9,0,1,66,"Average"
"Sri Lanka","Asia",2001,13.7,16,152.664,1.68,86,52,21.6,98,98,0.02,1880,18.91,15.4,15.6,10.2,0,1,72.2,"High"
"Turkmenistan","Asia",2011,36.7,42.5,197.405,2.88,97,99,25.9,97,97,0.08,4811,5.17,3.2,3.3,9.9,0,1,66.9,"Average"
"Thailand","Asia",2008,12.8,14.9,165.9995,7.54,98,91,23.6,99,99,0.27,4884,66.53,8.5,8.6,7.3,0,1,73.3,"High"
"Bhutan","Asia",2014,28.5,34.6,212.0515,0.21,99,92,23.7,98,99,0.13,2613,0.72,15.7,16.2,3.1,0,1,70,"High"
"India","Asia",2001,64.4,88.1,218.9925,0.98,67,34,20.7,58,59,0.27,781,1075,27.5,28.5,4.5,0,1,62.9,"Average"
"Indonesia","Asia",2003,36.4,45.5,191.3535,0.05,64,21,21.9,80,71,0.19,2035,220.31,1.9,11,7.2,0,1,66.6,"Average"
"Afghanistan","Asia",2011,61.8,84,245.3,0.01,68,31,22.8,68,68,0.02,512,30.12,18.2,18.2,3.3,0,1,61.6,"Average"
"Pakistan","Asia",2004,77.9,98.1,182.265,0.014,65,33,22.9,67,65,0.13,1129,156.66,21.4,21.8,4.3,0,1,63.7,"Average"
"Philippines","Asia",2015,23.4,29.6,199.7365,4.52,75,57,23.1,79,60,0.1,3001,102.11,1,9.7,9.3,0,1,70.6,"High"
"Pakistan","Asia",2009,71.5,89.1,172.1295,0.035,78,30,23.3,52,71,0.13,1246,175.53,2.5,2.9,4.5,0,1,65,"Average"
"Japan","Asia",2002,3,4.1,70.123,7.86,83,86,22.5,89,96,0.17,31416,127.45,1.7,1.4,10.9,1,0,81.6,"High"
"Vietnam","Asia",2010,18.3,22.9,131.235,2.26,88,65,21,94,93,0.17,2016,87.97,14.5,15.4,7.5,0,1,74.8,"High"
"Turkmenistan","Asia",2001,54.7,66,233.3245,2.36,96,94,24.8,94,95,0.08,2363,4.56,3.6,3.5,9.9,0,1,63.8,"Average"
"Japan","Asia",2012,2.2,3,58.395,8.5,83,92,22.7,99,97,0.17,33518,127.63,1.9,1.7,12,1,0,83.1,"High"
"China","Asia",2008,14.8,18.5,97.3465,4.27,95,95,23,99,97,0.1,4712,1324.66,4.5,4,7,0,1,73.8,"High"
"Vietnam","Asia",2006,19.4,24.4,135.3425,1.35,93,65,20.6,94,94,0.22,1651,84.62,15.1,15.9,6.6,0,1,74.3,"High"
"Vietnam","Asia",2004,20.4,25.6,136.4285,1.13,94,65,20.3,96,96,0.25,1462,83.06,15.4,16.1,6.2,0,1,73.9,"High"
"Malaysia","Asia",2012,6.8,8,126.1405,0.55,97,99,25.3,97,97,0.16,8889,29.07,7.9,7.7,10.1,0,1,74.9,"High"
"Tajikistan","Asia",2014,33.4,38.4,135.904,0.83,97,98,25.8,94,97,0.11,945,8.25,3.6,3.7,10.6,0,1,69.9,"Average"
"Malaysia","Asia",2000,8.7,10.2,135.1495,0.56,97,91,23.8,98,98,0.26,6393,23.19,9.8,9.6,8.6,0,1,72.6,"High"
"Lao PDR","Asia",2012,47.6,61.9,207.3365,6.33,79,65,22.4,78,79,0.16,1795,6.44,9.1,9.2,5,0,1,65.3,"Average"
"Kyrgyz Republic","Asia",2003,37.1,43.1,223.222,6.35,99,65,25,98,98,0.06,786,5.04,3.5,3.5,10,0,1,68.3,"Average"
"Myanmar","Asia",2003,60.7,82.3,231.354,0.61,74,63,21.5,86,78,0.5,427,48.15,13.3,13.6,3.4,0,1,61,"Average"
"Indonesia","Asia",2013,25,30,179.2695,0.09,85,76,22.8,92,85,0.18,3104,251.81,1.5,1.3,7.8,0,1,70.2,"High"
"Indonesia","Asia",2001,39.4,49.8,191.422,0.06,62,25,21.7,77,76,0.11,1909,214.43,11,11.1,6.9,0,1,66,"Average"
"Pakistan","Asia",2012,67,82.8,163.241,0.03,72,42,23.6,64,72,0.13,1262,187.28,19.8,2.2,4.8,0,1,65.8,"Average"
"India","Asia",2011,43,55,188.4325,2.95,44,27,21.4,79,82,0.09,1293,1250.29,26.9,27.7,5.4,0,1,67.1,"Average"
"Turkmenistan","Asia",2004,46.7,55.2,222.887,2.58,96,90,25.1,98,97,0.08,2492,4.7,3.4,3.4,9.9,0,1,64.7,"Average"
"Thailand","Asia",2003,16.2,18.9,189.8,6.07,96,92,23.1,98,98,0.47,4038,64.55,9.1,9.3,6.7,0,1,71.4,"High"
"Myanmar","Asia",2012,45.4,58.6,201.0735,1.24,58,80,22.3,87,84,0.32,1017,51.41,13,13.2,4.5,0,1,64.5,"Average"
"Nepal","Asia",2009,38.3,48.3,181.972,0.22,89,65,21.7,93,89,0.17,700,26.88,16.9,17.4,3.2,0,1,67.2,"Average"
"Uzbekistan","Asia",2012,21.7,24.4,147.7405,1.95,99,99,26.3,99,99,0.14,2355,29.77,3,3.1,11.1,0,1,70.2,"High"
"Singapore","Asia",2012,2.2,2.8,55.2565,1.94,97,95,23.6,97,97,0.1,51680,5.31,2.2,2.1,11.3,0,1,82,"High"
"Uzbekistan","Asia",2008,29.8,34,168.016,1.72,91,26,25.7,98,98,0.14,1918,27.3,3.1,3.1,10.3,0,1,69.2,"Average"
"Maldives","Asia",2004,21.4,26.9,102.2275,1.67,97,67,23.7,96,96,0.17,7788,0.31,14.5,14.6,3.4,0,1,73,"High"
"Sri Lanka","Asia",2015,7.5,8.7,109.1795,2.72,99,99,23,99,99,0.01,3844,20.97,15.1,15,10.9,0,1,76.3,"High"
"Indonesia","Asia",2007,31.2,38.3,188.414,0.061,76,73,22.2,77,73,0.22,2403,232.37,1.8,1.7,7.1,0,1,68.1,"Average"
"Turkmenistan","Asia",2009,38,44.1,204.097,2,97,99,25.7,97,96,0.08,3968,5.01,3.2,3.3,9.9,0,1,66.4,"Average"
"Malaysia","Asia",2015,6.9,8.1,121.723,0.55,99,99,25.6,99,99,0.14,9955,30.27,7.5,7.3,10.2,0,1,75.5,"High"
"Kazakhstan","Asia",2001,34.6,39.9,287.784,5.55,95,95,25.6,95,95,0.03,5055,14.86,2.6,2.7,10.7,0,1,65.8,"Average"
"China","Asia",2006,17.7,21.9,101.037,3.28,91,94,22.8,94,93,0.1,3801,1311.02,4.8,4.3,6.9,0,1,73.3,"High"
"Turkmenistan","Asia",2013,36.3,41.9,192.682,3.18,98,99,26.2,98,98,0.08,5679,5.37,3.2,3.3,9.8,0,1,67.4,"Average"
"Maldives","Asia",2005,18.3,21.5,94.5185,1.23,98,69,23.8,98,98,0.17,6589,0.32,14.4,14.5,3.5,0,1,73.6,"High"
"Sri Lanka","Asia",2013,8.4,9.8,113.3855,2.65,99,99,22.8,99,99,0.01,3553,20.59,15.2,15.1,10.9,0,1,76,"High"
"Turkmenistan","Asia",2000,57.5,69.7,235.697,2.89,96,92,24.7,98,97,0.08,2288,4.52,3.6,3.6,9.9,0,1,63.6,"Average"
"Brunei Darussalam","Asia",2004,7.7,9.6,97.9225,0.092,99,97,25.7,92,92,0.1,34850,0.36,6.5,6,8.4,0,1,73.8,"High"
"Tajikistan","Asia",2011,35.8,41.4,140.997,0.71,96,96,25.4,97,96,0.17,823,7.7,3.7,3.7,10.8,0,1,69.1,"Average"
"Indonesia","Asia",2005,33.6,41.7,189.8835,0.059,65,23,22.1,79,72,0.21,2199,226.29,1.9,1.9,7.4,0,1,67.3,"Average"
"Brunei Darussalam","Asia",2003,7.8,9.7,99.9145,0.11,99,96,25.6,99,92,0.1,35278,0.35,6.6,6.1,8.4,0,1,73.6,"High"
"Myanmar","Asia",2000,65.4,89.6,241.4125,0.12,74,63,21.3,88,82,0.54,310,46.72,13.3,13.7,3.1,0,1,60.1,"Average"
"Brunei Darussalam","Asia",2009,7.8,9.6,91.9455,0.24,96,99,26.3,99,99,0.1,32992,0.38,6,5.5,8.7,0,1,74.6,"High"
"Lao PDR","Asia",2000,76.5,107.2,274.451,5.19,48,65,21.1,57,51,0.1,936,5.32,1.5,1.5,3.9,0,1,58.8,"Average"
"Japan","Asia",2014,2.1,2.8,55.582,8.4,83,94,22.7,99,96,0.17,34387,127.28,2,1.7,12.5,1,0,83.6,"High"
"Mongolia","Asia",2009,23.9,28.6,235.233,6.56,97,97,25.3,96,95,0.02,2515,2.67,2.2,2.3,9.1,0,1,66.9,"Average"
"Sri Lanka","Asia",2004,17.7,28.9,134.895,1.56,62,95,21.9,97,97,0.02,2130,19.39,15.4,15.5,10.3,0,1,74.3,"High"
