"Country","Region","Year","Infant_deaths","Under_five_deaths","Adult_mortality","Alcohol_consumption","Hepatitis_B","Measles","BMI","Polio","Diphtheria","Incidents_HIV","GDP_per_capita","Population_mln","Thinness_ten_nineteen_years","Thinness_five_nine_years","Schooling","Economy_status_Developed","Economy_status_Developing","Life_expectancy"
"Turkiye","Middle East",2015,11.1,13,105.824,1.32,97,65,27.8,97,97,0.08,11006,78.53,4.9,4.8,7.8,0,1,76.5
"Spain","European Union",2015,2.7,3.3,57.9025,10.35,97,94,26,97,97,0.09,25742,46.44,0.6,0.5,9.7,1,0,82.8
"Israel","Middle East",2012,3.4,4.3,57.951,2.89,97,89,27,94,94,0.08,33995,7.91,1.2,1.1,12.8,1,0,81.7
"Costa Rica","Central America and Caribbean",2006,9.8,11.2,95.22,4.19,88,86,26.4,89,89,0.16,9110,4.35,2,1.9,7.9,0,1,78.2
"Malta","European Union",2007,6,6.8,58.0185,7.47,82,77,27.1,76,74,0.08,19338,0.41,0.7,0.7,9.9,1,0,79.8
"Switzerland","Rest of Europe",2006,4.2,4.9,63.2435,10.24,88,71,25,94,94,0.08,79368,7.48,0.6,0.4,12.3,1,0,81.5
"Norway","Rest of Europe",2001,3.8,4.7,80.4955,5.49,88,90,25.7,91,91,0.03,68489,4.51,0.8,0.7,12.1,1,0,78.8
"Finland","European Union",2013,2.2,2.7,76.567,9.08,88,92,26,98,98,0.08,43045,5.44,0.9,0.8,12.3,1,0,81
"Japan","Asia",2005,2.8,3.7,68.768,7.98,83,84,22.6,95,98,0.17,33099,127.77,1.7,1.5,11.2,1,0,81.9
"Switzerland","Rest of Europe",2010,3.9,4.6,56.9105,10.01,88,83,25.1,96,95,0.06,82027,7.82,0.5,0.4,13.3,1,0,82.2
"Germany","European Union",2010,3.5,4.2,77.604,11.58,88,93,26.3,94,95,0.03,37761,81.78,1.1,1.1,13.8,1,0,80
"Singapore","Asia",2014,2.2,2.7,52.393,1.84,96,90,23.6,96,96,0.08,54683,5.47,2.2,2.2,11.4,0,1,82.5
"Denmark","European Union",2009,3.6,4.2,85.8135,10.08,88,85,25.3,89,89,0.04,50457,5.52,1.1,0.9,12.7,1,0,78.6
"Costa Rica","Central America and Caribbean",2014,7.9,9.3,87.237,3.12,91,90,27.2,91,91,0.19,11355,4.8,1.7,1.7,8.6,0,1,79.4
"Sweden","European Union",2010,2.5,3.1,57.492,7.38,61,94,25.8,98,98,0.08,48370,9.38,1.3,1.3,12.3,1,0,81.5
"Austria","European Union",2014,3.1,3.8,65.815,12.4,98,87,25.5,98,98,0.08,44245,8.55,1.8,2,12.1,1,0,81.5
"Greece","European Union",2009,3.4,3.9,75.948,8.32,95,77,27,99,99,0.09,22839,11.11,0.8,0.7,10.1,1,0,80.2
"Norway","Rest of Europe",2010,2.7,3.3,64.862,6.59,88,97,26.4,93,93,0.04,72427,4.89,0.7,0.7,12.7,1,0,81
"Uruguay","South America",2006,11.7,13.5,116.762,6.45,95,93,26.3,95,95,0.2,10575,3.33,1.6,1.6,8,0,1,76
"Croatia","European Union",2006,5.5,6.4,109.298,10.98,96,98,26.2,96,96,0.02,11960,4.31,1.8,1.8,9.9,1,0,75.8
"Algeria","Africa",2015,21.6,25.2,95.8155,0.55,95,99,25.5,95,95,0.05,4178,39.73,6,5.8,7.9,0,1,76.1
"Germany","European Union",2004,4,4.9,86.3185,11.83,88,89,26,96,96,0.08,35034,82.52,1.1,1.1,12.9,1,0,78.7
"Argentina","South America",2014,10.8,12.1,118.5375,7.93,94,96,27.5,92,94,0.13,13568,42.67,1,0.9,9.8,0,1,75.9
"Panama","Central America and Caribbean",2008,18,21.1,124.016,6,86,79,26.3,86,86,0.4,9894,3.52,2,2,9.2,0,1,76.4
"Oman","Middle East",2015,9.6,11.2,89.1875,0.45,99,98,26.3,99,99,0.05,18445,4.27,7.1,6.9,9.5,0,1,76.9
"France","European Union",2014,3.1,4.1,74.8905,12.07,83,77,25,98,98,0.1,36379,66.31,0.6,0.6,11.4,1,0,82.7
"Bosnia and Herzegovina","Rest of Europe",2011,6,6.9,101.667,4.71,88,88,25.4,89,88,0.08,4185,3.66,2.6,2.5,7.2,0,1,76.2
"Switzerland","Rest of Europe",2014,3.8,4.3,49.998,9.62,88,87,25.1,96,96,0.05,84348,8.19,0.4,0.3,13.4,1,0,83.2
"Japan","Asia",2003,2.9,4,70.306,7.82,83,86,22.5,97,97,0.17,31830,127.72,1.7,1.4,11,1,0,81.8
"Colombia","South America",2008,16.7,19.5,151.1495,4.35,92,70,25.5,92,92,0.19,4992,44.25,2.3,2,7.3,0,1,75
"Iceland","Rest of Europe",2003,2.8,3.5,58.787,6.52,88,92,25.7,97,97,0.03,43764,0.29,1,0.9,9.8,1,0,81
"Norway","Rest of Europe",2015,2.2,2.7,53.897,5.97,88,91,26.6,95,95,0.04,74356,5.19,0.8,0.7,12.5,1,0,82.3
"Italy","European Union",2005,3.8,4.5,64.2915,8.65,96,84,25.6,97,95,0.09,33258,57.97,0.5,0.5,9.2,1,0,80.8
"Vietnam","Asia",2015,17.4,21.8,124.547,2.98,97,65,21.7,97,97,0.12,2582,92.68,14.2,14.5,8,0,1,75.1
"Albania","Rest of Europe",2007,15.3,17.1,82.6975,5.46,98,95,25.8,99,98,0.03,3045,2.97,1.6,1.7,9.2,0,1,75.6
"Oman","Middle East",2013,9.7,11.3,92.6785,0.44,98,99,26.1,99,98,0.05,19654,3.76,7,6.8,8.9,0,1,76.4
"Czechia","European Union",2001,4.3,5.2,121.6575,13.64,92,98,26.5,97,98,0.08,12735,10.22,2.2,2.3,10.9,1,0,75.2
"Slovenia","European Union",2010,2.6,3.2,86.192,10.33,88,96,26.1,96,96,0.02,20613,2.05,1.6,1.6,12.1,1,0,79.4
"Ireland","European Union",2000,6,7.1,94.6415,13.84,95,86,26.3,86,86,0.04,41623,3.81,0.3,0.3,10.8,1,0,76.5
"Chile","South America",2014,6.9,8.1,90.433,7.92,95,88,27.8,95,95,0.19,13367,17.76,0.8,0.8,10.1,0,1,79.5
"Belgium","European Union",2002,4.4,5.4,95.81,11.29,60,78,25.6,96,95,0.08,36393,10.33,0.8,0.8,10.3,1,0,78.1
"Costa Rica","Central America and Caribbean",2000,11.1,13.1,98.9985,4.24,89,86,25.8,80,88,0.13,7678,3.96,2.4,2.3,8,0,1,77.5
"Cuba","Central America and Caribbean",2008,5.4,6.7,96.542,4.25,95,98,25.1,99,95,0.15,6501,11.24,3.4,3.2,10.6,0,1,78.2
"Costa Rica","Central America and Caribbean",2004,9.9,11.5,96.3765,4.08,89,85,26.2,90,90,0.15,8395,4.23,2.1,2,7.9,0,1,78
"Malta","European Union",2001,6.6,7.5,62.98,5.99,86,47,26.9,95,95,0.08,16860,0.39,0.7,0.7,8.2,1,0,78.8
"Finland","European Union",2006,3,3.6,94.799,10.15,88,92,25.9,97,97,0.08,44074,5.27,0.9,0.8,12,1,0,79.2
"United Arab Emirates","Middle East",2010,7.4,8.7,74.296,1.69,94,94,28,94,94,0.13,32535,8.55,5.1,4.9,9.9,0,1,76.3
"Iceland","Rest of Europe",2006,2.5,3.1,64.745,7.2,88,93,25.9,97,97,0.03,50732,0.3,0.9,0.9,10.2,1,0,81.2
"Malaysia","Asia",2013,6.8,8,124.668,0.55,96,99,25.4,97,97,0.15,9179,29.47,7.8,7.6,10.1,0,1,75.1
"Cuba","Central America and Caribbean",2001,6.8,8.5,109.7575,4.05,98,77,24.6,99,98,0.12,4222,11.16,3.6,3.4,9.7,0,1,76.9
"Ecuador","South America",2013,14.3,16.6,127.577,3.78,87,70,26.9,87,87,0.16,6084,15.71,1.3,1.1,8.3,0,1,75.7
"Slovenia","European Union",2003,3.9,4.7,117.617,11.55,88,98,25.6,95,95,0.03,17803,2,2,2.1,11.5,1,0,76.9
"Cuba","Central America and Caribbean",2002,6.5,8.2,108.1925,4.1,98,71,24.7,98,99,0.13,4269,11.2,3.5,3.3,9.5,0,1,77.1
"Maldives","Asia",2013,9.7,11.3,72.3455,1.16,99,99,25,99,99,0.17,8955,0.42,13.7,13.8,5.7,0,1,77
"Panama","Central America and Caribbean",2007,18.5,21.7,125.1955,5.46,85,83,26.2,84,85,0.4,9169,3.45,2.1,2,9.2,0,1,76.2
"Bahrain","Middle East",2011,7,8.2,70.3255,1.66,99,98,25,99,99,0.05,20774,1.28,6.1,6,8.6,0,1,76.2
"Japan","Asia",2004,2.8,3.9,68.9285,7.69,83,87,22.6,97,99,0.17,32515,127.76,1.7,1.4,11.1,1,0,82
"St. Lucia","Central America and Caribbean",2012,18.1,20.4,141.425,9.62,98,83,29.1,98,98,0.4,10531,0.18,4.3,4.3,8.4,0,1,75.1
"Germany","European Union",2008,3.6,4.4,79.5175,11.37,87,92,26.2,95,96,0.08,38278,82.11,1.1,1.1,13.7,1,0,79.7
"Maldives","Asia",2009,12.8,14.9,77.1955,1.41,98,96,24.4,98,98,0.17,8222,0.35,14.1,14.2,4.7,0,1,75.5
"Uruguay","South America",2013,8.3,9.7,107.92,6.42,94,92,27,94,94,0.26,15168,3.39,1.5,1.4,8.5,0,1,77.1
"Singapore","Asia",2000,3,3.9,80.151,2.02,97,98,23.4,98,98,0.14,34891,4.03,2.1,2,8.9,0,1,78
"Finland","European Union",2005,3.1,3.7,99.9665,9.95,88,92,25.9,97,97,0.08,42531,5.25,0.9,0.8,12,1,0,78.8
"Denmark","European Union",2004,4.3,5.2,95.0035,11.26,88,88,25.1,95,95,0.04,50792,5.4,1.2,1,12.8,1,0,77.5
"Tunisia","Africa",2010,15.8,18.4,98.3545,1.26,98,98,25.9,98,98,0.04,3955,10.64,6.3,6.3,6.7,0,1,75
"France","European Union",2009,3.1,4.3,86.8955,12.66,51,67,25,98,98,0.1,35131,64.71,0.6,0.6,10.8,1,0,81.4
"Panama","Central America and Caribbean",2013,15.5,18.1,117.765,6.21,80,68,26.7,81,80,0.4,12695,3.84,1.9,1.9,9.7,0,1,77.4
"Ireland","European Union",2011,3.5,4.1,68.994,11.49,95,86,27.2,95,95,0.07,46221,4.58,0.3,0.2,10.9,1,0,80.7
"Germany","European Union",2007,3.7,4.5,80.746,11.51,86,92,26.2,95,96,0.08,37842,82.27,1.1,1.1,13.7,1,0,79.5
"Costa Rica","Central America and Caribbean",2015,7.7,9.1,85.6715,3.19,92,90,27.3,92,92,0.19,11643,4.85,1.7,1.7,8.8,0,1,79.6
"Norway","Rest of Europe",2004,3.4,4.2,74.4275,6.22,88,90,26,92,92,0.02,71655,4.59,0.8,0.7,12.7,1,0,79.8
"France","European Union",2011,3.1,4.2,82.572,12.35,74,67,25.1,99,99,0.1,36246,65.34,0.6,0.6,10.9,1,0,82.1
"Sweden","European Union",2009,2.6,3.1,60.608,7.31,59,95,25.7,98,98,0.08,46043,9.3,1.3,1.3,12.2,1,0,81.4
"Slovenia","European Union",2004,3.7,4.4,111.937,10.01,88,99,25.6,94,94,0.03,18568,2,2,2,12,1,0,77.2
"Montenegro","Rest of Europe",2011,5.1,6.1,110.706,9.02,91,97,26.1,95,95,0.03,6169,0.62,1.9,2,11.1,0,1,76
"Netherlands","European Union",2005,4.4,5.3,72.132,9.5,88,93,25.3,96,96,0.06,42202,16.32,1,1,11.6,1,0,79.3
"Germany","European Union",2011,3.4,4.1,75.779,11.33,88,93,26.4,94,95,0.03,39977,80.27,1.1,1.1,13.9,1,0,80.4
"Israel","Middle East",2015,3.2,3.9,56.337,2.74,96,97,27.2,95,95,0.08,35808,8.38,1.2,1.1,13,1,0,82.1
"New Zealand","Oceania",2015,4.6,5.5,67,8.68,92,87,28,92,92,0.03,38631,4.61,0.4,0.3,12.4,1,0,81.5
"New Zealand","Oceania",2012,4.9,5.9,67.5135,9.17,93,85,27.8,93,93,0.03,36521,4.41,0.3,0.3,12.1,1,0,81.2
"Croatia","European Union",2009,4.9,5.7,103.109,11.11,97,98,26.6,96,96,0.02,11871,4.31,1.7,1.6,10.6,1,0,76.2
"France","European Union",2000,4.1,5.4,99.7875,13.92,26,65,24.8,98,97,0.11,33597,60.91,0.7,0.6,9.8,1,0,79.1
"Germany","European Union",2014,3.3,4,70.358,11.07,88,93,26.5,93,95,0.03,40851,80.98,1.1,1.1,14,1,0,81.1
"Sweden","European Union",2013,2.4,2.9,55.5025,7.32,67,95,25.9,98,98,0.08,49049,9.6,1.4,1.3,12.2,1,0,82
"Italy","European Union",2009,3.4,4.1,59.186,7.25,96,83,25.7,96,96,0.08,31615,59.1,0.5,0.5,9.6,1,0,81.6
"Cyprus","European Union",2006,3.6,4.2,62.643,11.48,93,90,26.6,97,97,0.04,26394,1.05,0.9,1,10.9,1,0,78.8
"Germany","European Union",2009,3.5,4.3,78.907,11.23,88,93,26.3,95,96,0.08,36190,81.9,1.1,1.1,13.8,1,0,79.8
"Ireland","European Union",2013,3.3,3.9,64.5655,10.51,95,86,27.3,96,96,0.07,46339,4.62,0.3,0.2,11.8,1,0,80.9
"Spain","European Union",2006,3.7,4.5,73.3,11.86,97,94,26.2,98,98,0.09,26763,44.4,0.6,0.5,9,1,0,80.8
"Montenegro","Rest of Europe",2014,3.7,4.4,102.857,8.55,87,95,26.4,91,91,0.03,6307,0.62,1.8,1.9,11.3,0,1,76.4
"Serbia","Rest of Europe",2013,5.9,6.9,119.055,7.94,91,82,25.9,97,95,0.02,5525,7.16,2.1,2.1,10.4,0,1,75.2
"Portugal","European Union",2013,3,3.7,78.8295,9.52,98,96,25.7,98,98,0.14,18585,10.46,0.7,0.5,8.6,1,0,80.7
"Israel","Middle East",2009,3.8,4.7,61.931,2.67,98,92,26.9,96,96,0.08,31323,7.49,1.2,1.1,12.6,1,0,81.4
"Netherlands","European Union",2001,5,6.1,81.98,9.82,88,97,25.1,97,97,0.06,41087,16.05,1.1,1.1,11,1,0,78.2
"Lebanon","Middle East",2007,10.4,12.1,73.269,1.59,80,55,26.9,75,80,0.03,7295,4.77,4.7,4.6,7.8,0,1,77.6
"Austria","European Union",2012,3.3,4,69.0215,12.1,92,78,25.5,92,92,0.08,44550,8.43,1.8,2,11.8,1,0,80.9
"Bahrain","Middle East",2005,9.1,10.6,77.801,1.92,98,99,25.3,98,98,0.05,22344,0.89,6.1,5.9,8.4,0,1,75.3
"Portugal","European Union",2007,3.3,4.2,91.6555,11.54,97,95,25.8,96,97,0.18,19951,10.54,0.7,0.5,7.7,1,0,78.3
"United States","North America",2000,7.1,8.4,113.6425,8.3,90,86,27.5,90,94,0.13,48746,282.16,0.8,0.7,12.7,1,0,76.6
"Spain","European Union",2004,3.9,4.9,77.449,11.32,97,91,26.2,97,97,0.09,25655,42.92,0.6,0.5,8.6,1,0,79.9
"Albania","Rest of Europe",2005,17.8,20,84.4915,4.98,98,97,25.6,97,98,0.03,2676,3.01,1.8,1.8,9.1,0,1,75.2
"Israel","Middle East",2014,3.2,4,56.744,2.71,97,96,27.2,95,95,0.08,35711,8.22,1.2,1.1,12.9,1,0,82.2
"United Kingdom","Rest of Europe",2013,4,4.7,69.542,9.42,88,86,27.1,95,95,0.08,43621,64.13,0.8,0.5,12.6,1,0,81
"Greece","European Union",2004,4.3,4.9,79.534,9.1,92,77,26.9,95,95,0.04,22118,10.96,0.8,0.8,9.6,1,0,79
"Ireland","European Union",2012,3.4,4,67.3805,11.38,95,86,27.2,95,95,0.07,46001,4.6,0.3,0.2,11.3,1,0,80.8
"Luxembourg","European Union",2001,3.5,4.2,94.658,13.1,86,86,25.6,99,99,0.06,94244,0.44,1,1,10.5,1,0,77.8
"Uruguay","South America",2014,8,9.3,106.8025,6.15,95,93,27.1,95,95,0.24,15609,3.4,1.5,1.4,8.6,0,1,77.2
"Turkiye","Middle East",2014,11.9,13.8,107.701,1.39,96,65,27.7,96,96,0.08,10550,77.23,4.9,4.7,7.6,0,1,76.2
"Sri Lanka","Asia",2011,9.4,10.9,117.8205,3.03,99,99,22.6,99,99,0.01,3177,20.4,15.3,15.3,10.8,0,1,75.6
"Mexico","North America",2009,17,19.9,119.005,4.37,95,92,27.5,95,95,0.16,8569,112.46,1.7,1.6,8.2,0,1,75.1
"Cuba","Central America and Caribbean",2013,4.7,5.9,91.899,4.35,96,97,25.4,99,99,0.16,7318,11.28,3.4,3.3,11,0,1,78.5
"France","European Union",2003,3.6,4.9,97.437,13.45,28,65,24.9,96,97,0.11,34190,62.24,0.6,0.6,10.2,1,0,79.1
"Israel","Middle East",2013,3.3,4.1,58.2,2.9,97,95,27.1,96,96,0.08,34961,8.06,1.2,1.1,12.8,1,0,82.1
"Croatia","European Union",2010,4.7,5.5,101.45,10.71,97,98,26.7,97,97,0.02,11749,4.3,1.6,1.6,10.8,1,0,76.5
"St. Lucia","Central America and Caribbean",2011,17.7,20,143.2465,9.94,99,83,28.9,99,99,0.4,10619,0.18,4.3,4.3,8.4,0,1,75
"Sweden","European Union",2006,2.8,3.4,63.6035,6.81,60,95,25.6,98,98,0.08,47865,9.08,1.3,1.3,12.4,1,0,80.7
"Poland","European Union",2010,5.1,6,129.3125,10.07,98,94,26.1,96,99,0.08,10859,38.04,2.1,2.2,12.2,1,0,76.2
"Italy","European Union",2000,4.7,5.6,76.0095,9.78,94,83,25.4,97,87,0.1,32351,56.94,0.5,0.5,8.6,1,0,79.8
"Chile","South America",2013,7.1,8.3,92,7.23,90,78,27.7,90,91,0.19,13272,17.57,0.8,0.8,9.9,0,1,79.3
"Iceland","Rest of Europe",2008,2.3,2.9,51.6075,7.19,88,94,26,98,98,0.04,53821,0.32,0.9,0.9,10.4,1,0,81.6
"Italy","European Union",2007,3.6,4.2,61.3625,8.37,97,84,25.7,97,97,0.08,34081,58.44,0.5,0.5,9.4,1,0,81.4
"Canada","North America",2009,5,5.8,71.2685,8.4,42,84,26.8,93,91,0.1,40368,33.63,0.5,0.4,12.5,1,0,81
"Sweden","European Union",2015,2.3,2.9,53.4415,7.13,67,95,26,98,98,0.08,51545,9.8,1.5,1.4,12.4,1,0,82.2
"Singapore","Asia",2007,2.3,2.9,63.981,1.59,96,96,23.5,97,97,0.13,46180,4.59,2.1,2,10.2,0,1,80.4
"Greece","European Union",2006,3.8,4.3,78.6205,8.68,94,77,27,98,98,0.06,23369,11.02,0.8,0.7,9.9,1,0,79.4
"Bosnia and Herzegovina","Rest of Europe",2005,7.8,8.9,110.264,4.5,93,90,25,95,93,0.08,3502,3.77,2.9,2.9,7.4,0,1,75.2
"Germany","European Union",2005,3.9,4.7,84.758,11.68,90,91,26.1,95,96,0.08,35310,82.47,1.1,1.1,13.3,1,0,78.9
"Panama","Central America and Caribbean",2009,17.5,20.5,122.8365,6.14,85,76,26.4,85,85,0.4,9840,3.58,2,1.9,9.3,0,1,76.6
"Ireland","European Union",2010,3.5,4.2,68.771,11.57,95,86,27.1,94,94,0.07,45932,4.56,0.3,0.2,12.2,1,0,80.7
"Austria","European Union",2006,3.9,4.7,78.393,12.58,83,61,25.3,83,83,0.08,42496,8.27,1.7,1.9,10.1,1,0,79.9
"Cyprus","European Union",2003,4.5,5.2,65.7605,10.62,88,91,26.5,98,98,0.03,23929,0.99,0.9,1,10.4,1,0,78.4
"Cyprus","European Union",2000,5.6,6.5,69.0645,9.56,89,91,26.3,97,97,0.03,22382,0.94,0.9,1,10,1,0,78
"Austria","European Union",2003,4.3,5.2,87.6535,12.31,83,46,25.1,84,84,0.08,39815,8.12,1.7,1.9,9.6,1,0,78.6
"Norway","Rest of Europe",2009,2.8,3.4,66.481,6.68,88,96,26.3,94,94,0.03,72823,4.83,0.7,0.7,12.7,1,0,80.8
"Slovenia","European Union",2008,2.9,3.6,94.189,10.94,88,98,25.9,97,97,0.03,22297,2.02,1.7,1.7,11.9,1,0,78.8
"Hungary","European Union",2014,4.5,5.4,131.9085,10.92,88,99,27.1,99,99,0.08,12237,9.87,1.7,1.6,11.8,1,0,75.8
"Slovenia","European Union",2006,3.3,4,102.7445,12.26,88,99,25.8,97,97,0.03,20280,2.01,1.8,1.9,11.8,1,0,78.1
"Czechia","European Union",2015,2.5,3.2,82.5385,12.76,97,99,27,97,97,0.08,17830,10.55,1.8,1.8,12.7,1,0,78.6
"Denmark","European Union",2014,3.5,4.1,69.2705,9.55,88,84,25.3,94,94,0.04,52405,5.64,1.1,0.9,12.8,1,0,80.7
"Barbados","Central America and Caribbean",2002,14.2,15.5,122.8625,7.59,66,41,26.6,86,87,0.6,15905,0.27,4.2,4.1,9.1,0,1,77.5
"Spain","European Union",2001,4.3,5.3,81.959,12.01,83,92,26.1,95,96,0.1,24708,40.85,0.6,0.5,8.5,1,0,79.4
"Cuba","Central America and Caribbean",2004,6.1,7.6,103.8635,4.36,99,83,24.8,98,88,0.13,4665,11.25,3.4,3.3,9.8,0,1,77.5
"Montenegro","Rest of Europe",2008,7,8.1,122.2765,10.89,93,96,25.9,95,95,0.03,6206,0.62,2.1,2.1,10.9,0,1,75.1
"Greece","European Union",2014,3.7,4.3,71.3785,7.06,96,83,27.1,99,99,0.07,18000,10.89,0.8,0.7,10.5,1,0,81.4
"Lebanon","Middle East",2006,11.2,13,77.1425,1.65,78,45,26.8,75,78,0.03,6684,4.76,4.7,4.6,7.6,0,1,77.3
"Turkiye","Middle East",2012,13.6,15.8,111.4545,1.47,97,65,27.6,97,97,0.08,9587,74.65,4.9,4.7,7.5,0,1,75.4
"Belgium","European Union",2014,3.3,4.1,72.379,10.57,98,85,26.1,99,99,0.08,40421,11.21,1,1,11.5,1,0,81.3
"Serbia","Rest of Europe",2014,5.7,6.6,116.691,7.19,92,91,26,93,93,0.02,5463,7.13,2.1,2.1,10.7,0,1,75.3
"Japan","Asia",2011,2.3,3.2,64.2585,8.41,83,92,22.7,96,97,0.17,33011,127.83,1.9,1.6,11.8,1,0,82.6
"Bahrain","Middle East",2012,6.8,8,69.438,1.72,99,99,24.9,99,99,0.05,21188,1.3,6.1,6,8.8,0,1,76.3
"Netherlands","European Union",2008,4,4.7,67.9805,9.51,88,93,25.4,97,97,0.06,45939,16.45,1,0.9,12,1,0,80.3
"Sweden","European Union",2003,3.2,3.9,67.2,6.88,60,95,25.4,99,99,0.08,43195,8.96,1.3,1.3,11.8,1,0,80.1
"Lebanon","Middle East",2014,7.4,8.6,61.5415,1.18,81,63,27.5,81,81,0.04,7938,6.26,4.8,4.9,8.4,0,1,78.7
"Finland","European Union",2012,2.3,2.8,79.341,9.27,88,92,26,99,99,0.08,43637,5.41,0.9,0.8,12.4,1,0,80.6
"Czechia","European Union",2013,2.5,3.1,88.7525,12.54,99,99,27,99,98,0.08,16594,10.51,1.8,1.9,12.6,1,0,78.2
"Albania","Rest of Europe",2011,10.8,12.1,80.349,5.03,99,99,26.2,99,99,0.03,3678,2.91,1.4,1.5,9.3,0,1,76.9
"Israel","Middle East",2008,3.9,4.9,64.414,2.59,99,91,26.8,94,94,0.08,31718,7.31,1.1,1.1,12.6,1,0,81
"United States","North America",2012,6,7.1,104.536,8.85,90,86,28.6,93,94,0.13,54213,313.88,0.7,0.6,13.3,1,0,78.7
"Brazil","South America",2015,14.2,15.9,144.3625,6.63,96,80,26.5,98,96,0.24,8814,204.47,2.7,2.6,7.6,0,1,75
"Spain","European Union",2013,2.8,3.5,59.454,8.55,95,91,26,96,96,0.09,24361,46.62,0.6,0.5,9.5,1,0,83.1
"Canada","North America",2001,5.3,6.2,79.395,7.6,14,84,26.4,88,89,0.1,34227,31.02,0.5,0.4,11.2,1,0,79.3
"Japan","Asia",2000,3.3,4.5,72.954,7.96,83,86,22.5,98,85,0.17,31431,126.84,1.6,1.4,10.7,1,0,81.1
"Poland","European Union",2013,4.5,5.2,119.573,10.8,96,93,26.4,95,99,0.08,11656,38.04,2,2.1,12.1,1,0,77
"Costa Rica","Central America and Caribbean",2003,10,11.8,96.955,4.05,86,86,26.1,88,88,0.14,8158,4.16,2.2,2.1,7.9,0,1,77.9
"China","Asia",2015,8.3,10.7,82.273,5.66,99,99,23.7,99,99,0.1,8016,1379.86,3.6,2.9,7.7,0,1,75.9
"Uruguay","South America",2007,11,12.6,115.7035,6.51,94,92,26.4,94,94,0.2,11245,3.33,1.6,1.5,8.2,0,1,76.3
"Cyprus","European Union",2010,2.8,3.4,57.4125,11.33,96,88,26.7,99,99,0.06,26020,1.11,0.9,1,11.5,1,0,79.4
"Panama","Central America and Caribbean",2002,20.9,24.8,124.3705,4.94,98,88,25.8,99,99,0.4,6881,3.15,2.3,2.2,8.7,0,1,75.4
"Panama","Central America and Caribbean",2004,20,23.5,124.7005,4.97,95,89,26,92,95,0.4,7427,3.27,2.2,2.1,8.9,0,1,75.7
"Kuwait","Middle East",2015,7.5,8.8,58.1365,0,99,96,29.5,99,99,0.13,29870,3.84,3.5,3.4,7.1,0,1,75.1
"Finland","European Union",2002,3.3,4.1,97.1345,9.25,88,92,25.8,95,98,0.08,39351,5.2,0.9,0.8,9.5,1,0,78.1
"Croatia","European Union",2007,5.3,6.2,106.427,11.36,95,98,26.3,96,96,0.02,12550,4.31,1.8,1.7,10.1,1,0,75.7
"United States","North America",2009,6.4,7.5,107.0105,8.67,92,86,28.4,93,95,0.13,51996,306.77,0.7,0.6,13.2,1,0,78.4
"Canada","North America",2015,4.7,5.4,65.9695,8,55,86,26.9,91,91,0.1,43596,35.7,0.6,0.5,13.1,1,0,81.9
"United States","North America",2001,7,8.3,114.2395,8.25,89,86,27.7,89,94,0.13,48727,284.97,0.8,0.6,12.7,1,0,76.8
"Antigua and Barbuda","Central America and Caribbean",2009,8.7,10.6,139.537,7.64,98,94,26,98,99,0.1,15402,0.09,3.4,3.3,9.3,0,1,75.7
"Italy","European Union",2014,3,3.6,51.776,7.56,95,83,25.6,95,95,0.07,29980,60.79,0.6,0.6,10.1,1,0,83.1
"Slovak Republic","European Union",2011,5.6,6.8,120.157,10.27,99,97,26.1,99,99,0.01,14890,5.4,1.2,1.3,12.1,1,0,76
"Algeria","Africa",2013,22.1,25.8,98.739,0.5,95,93,25.3,95,95,0.03,4043,38.14,5.9,5.8,7.8,0,1,75.7
"United Kingdom","Rest of Europe",2005,5.1,6,79.5075,11.38,88,86,26.7,91,91,0.08,43137,60.4,0.7,0.5,12.2,1,0,79
"Albania","Rest of Europe",2015,8.5,9.6,75.205,4.33,99,98,26.6,99,99,0.03,3953,2.88,1.2,1.3,9.7,0,1,78
"Switzerland","Rest of Europe",2005,4.3,5.1,65.1225,10.15,88,71,25,94,94,0.08,76785,7.44,0.6,0.4,12,1,0,81.2
"Czechia","European Union",2012,2.6,3.2,92.0385,12.83,99,99,26.9,99,99,0.08,16607,10.51,1.8,1.9,12.4,1,0,78.1
"Luxembourg","European Union",2002,3.3,4,98.426,12.88,95,86,25.7,99,99,0.07,96270,0.45,1,0.9,10.7,1,0,78
"Cyprus","European Union",2004,4.1,4.8,64.721,13.03,88,91,26.5,98,98,0.04,24798,1.01,0.9,1,10.5,1,0,78.5
"Montenegro","Rest of Europe",2009,6.3,7.4,118.42,10.17,87,96,26,91,92,0.03,5834,0.62,2,2.1,11,0,1,75.1
"Colombia","South America",2013,14.3,16.6,142.829,4.32,91,72,26,91,91,0.2,5867,46.5,2.1,1.9,7.8,0,1,76.1
"Czechia","European Union",2004,3.7,4.6,114.2985,13.42,98,98,26.6,96,98,0.08,14070,10.2,2.1,2.2,11.6,1,0,75.7
"Italy","European Union",2008,3.5,4.1,60.1245,7.96,96,83,25.7,96,96,0.08,33530,58.83,0.5,0.5,9.5,1,0,81.5
"New Zealand","Oceania",2011,5,6,70.233,9.45,95,86,27.7,95,95,0.04,35916,4.38,0.3,0.3,12,1,0,80.9
"Austria","European Union",2013,3.2,3.9,67.3475,12.1,95,82,25.5,95,95,0.08,44299,8.48,1.8,2,11.9,1,0,81.1
"Malta","European Union",2005,6.1,7,59.577,6.14,85,60,27.1,94,92,0.08,18134,0.4,0.7,0.7,9.8,1,0,79.3
"Chile","South America",2003,8.1,9.5,103.6575,6.37,94,96,26.9,96,96,0.14,9233,15.85,1,1,9.4,0,1,77.1
"Colombia","South America",2014,13.8,16,141.448,4.22,90,88,26,90,90,0.19,6069,46.97,2.1,1.9,8,0,1,76.3
"Bosnia and Herzegovina","Rest of Europe",2012,5.8,6.7,100.353,4.83,92,94,25.5,87,92,0.08,4216,3.6,2.5,2.5,8.3,0,1,76.4
"St. Lucia","Central America and Caribbean",2014,19,21.4,138.0705,9.18,99,83,29.6,99,99,0.4,10280,0.18,4.3,4.3,8.7,0,1,75.4
"Cyprus","European Union",2009,3,3.5,58.8095,10.81,96,88,26.7,99,99,0.05,26182,1.1,0.9,1,11.3,1,0,79.2
"Luxembourg","European Union",2000,3.7,4.5,100.072,13.21,77,86,25.6,99,99,0.06,92528,0.44,1,1,10.3,1,0,77.9
"Antigua and Barbuda","Central America and Caribbean",2010,8.3,10,137.808,7.16,98,92,26.1,99,98,0.1,13987,0.09,3.3,3.3,9.2,0,1,75.8
"Qatar","Middle East",2005,8.9,10.4,63.957,1.08,97,98,28,98,97,0.05,57624,0.87,4.8,4.5,8.8,0,1,78.3
"Bahrain","Middle East",2003,9.7,11.3,81.7285,2.04,98,99,25.4,97,97,0.05,22336,0.78,6.1,5.9,8.4,0,1,75
"Antigua and Barbuda","Central America and Caribbean",2015,6.5,7.8,130.0025,9.06,99,84,26.6,86,99,0.2,14285,0.09,3.3,3.3,9.2,0,1,76.5
"Antigua and Barbuda","Central America and Caribbean",2011,7.9,9.5,136.0795,7.24,99,89,26.2,99,99,0.1,13525,0.09,3.3,3.3,9.2,0,1,76
"United Kingdom","Rest of Europe",2008,4.8,5.6,78.4095,10.66,88,86,26.9,92,92,0.08,44121,61.81,0.8,0.5,12.8,1,0,79.6
"Italy","European Union",2013,3.1,3.7,53.267,7.35,96,84,25.6,96,96,0.07,30258,60.23,0.5,0.6,10.3,1,0,82.7
"Czechia","European Union",2014,2.5,3.1,83.987,12.75,99,96,27,99,97,0.08,16951,10.53,1.8,1.9,12.8,1,0,78.8
"Netherlands","European Union",2015,3.4,4,58.0775,8.3,94,92,25.5,95,95,0.04,45193,16.94,1,0.9,12.1,1,0,81.5
"Portugal","European Union",2014,3,3.6,76.9805,10.2,98,96,25.7,98,98,0.13,18833,10.4,0.7,0.5,8.9,1,0,81.1
"United Arab Emirates","Middle East",2011,7.2,8.4,72.9945,1.75,95,95,28.1,95,95,0.13,33246,8.95,5.1,4.9,10,0,1,76.5
"United Arab Emirates","Middle East",2009,7.6,8.9,75.597,1.76,93,93,27.9,94,93,0.13,34580,7.92,5.1,4.9,9.7,0,1,76.1
"Italy","European Union",2012,3.2,3.8,55.1645,7.48,96,83,25.7,96,97,0.07,31185,59.54,0.5,0.6,9.9,1,0,82.2
"Oman","Middle East",2011,10,11.6,96.52,0.5,99,99,26,99,99,0.05,19868,3.25,6.9,6.8,8.3,0,1,75.9
"France","European Union",2013,3.1,4.1,77.9145,11.73,74,75,25,99,99,0.1,36205,66,0.6,0.6,11.2,1,0,82.2
"Greece","European Union",2010,3.4,3.9,74.8405,8.33,95,77,27.1,99,99,0.1,21560,11.12,0.8,0.7,10.3,1,0,80.4
"Australia","Oceania",2010,4,4.8,62.169,10.52,92,88,26.9,92,92,0.05,53543,22.03,0.7,0.6,12.4,1,0,81.7
"France","European Union",2006,3.3,4.5,89.724,13.05,39,65,25,99,99,0.11,35826,63.62,0.6,0.6,10.6,1,0,80.8
"Czechia","European Union",2008,3,3.7,104.5205,13.65,99,98,26.7,99,99,0.08,17047,10.38,1.9,2,12.2,1,0,77
"Qatar","Middle East",2013,7.2,8.4,57.8825,1.03,97,99,28.8,99,97,0.06,62733,2.34,5.1,4.7,9.9,0,1,79.5
"Argentina","South America",2012,11.9,13.3,121.2325,8,91,89,27.3,90,91,0.14,13896,41.73,1,0.9,9.8,0,1,75.6
"Ireland","European Union",2001,5.8,6.9,89.055,14.04,95,86,26.4,84,84,0.05,43139,3.87,0.3,0.3,11,1,0,77.1
"France","European Union",2005,3.3,4.6,91.6715,12.88,35,65,25,98,98,0.11,35214,63.18,0.6,0.6,10.4,1,0,80.2
"United Arab Emirates","Middle East",2013,6.8,8,70.6545,1.86,98,98,28.2,98,98,0.13,35496,9.2,5.2,5,10.3,0,1,76.9
"Barbados","Central America and Caribbean",2011,13.7,14.8,104.765,8.69,91,94,27.4,91,91,0.35,16619,0.28,3.8,3.8,9.9,0,1,78.5
"Bahrain","Middle East",2007,8.4,9.8,73.874,1.83,97,99,25.1,97,97,0.05,22112,1.04,6.1,5.9,8.4,0,1,75.6
"Germany","European Union",2012,3.4,4,73.3235,11.32,88,93,26.4,94,95,0.03,40069,80.43,1.1,1.1,14,1,0,80.5
"Belgium","European Union",2006,4,4.8,86.023,10.94,94,78,25.8,99,98,0.08,39148,10.55,0.8,0.8,11.1,1,0,79.4
"Slovak Republic","European Union",2014,5.2,6.4,108.859,10.26,97,97,26.3,97,97,0.01,15547,5.42,1.2,1.2,12.3,1,0,76.8
"Antigua and Barbuda","Central America and Caribbean",2007,9.6,11.7,142.994,8.11,97,78,25.8,98,99,0.1,18062,0.08,3.4,3.3,9.2,0,1,75.4
"Panama","Central America and Caribbean",2015,14.6,17,114.701,6.84,73,92,26.8,72,73,0.4,13630,3.97,1.9,1.8,9.9,0,1,77.8
"Croatia","European Union",2005,5.8,6.7,112.169,10.72,96,98,26.1,96,96,0.02,11400,4.31,1.8,1.8,9.7,1,0,75.2
"Kuwait","Middle East",2014,7.7,8.9,59.3025,0,96,86,29.4,94,95,0.13,30857,3.69,3.4,3.4,6.9,0,1,75
"Belgium","European Union",2001,4.6,5.6,97.8795,11.01,60,78,25.5,96,95,0.08,35943,10.29,0.8,0.8,10.2,1,0,78
"Cyprus","European Union",2011,2.7,3.2,56.015,10.71,96,88,26.8,99,99,0.06,25466,1.12,0.9,1,11.6,1,0,79.6
"Lebanon","Middle East",2005,12.1,14.1,81.015,1.73,77,34,26.7,74,77,0.03,6668,4.7,4.7,4.6,7.5,0,1,76.9
"Ireland","European Union",2005,4.4,5.2,77.6135,13.06,95,86,26.8,90,90,0.06,49382,4.16,0.3,0.2,11.7,1,0,78.9
"Thailand","Asia",2015,9.3,10.8,148.889,6.95,99,95,24.3,99,99,0.16,5840,68.71,7.7,7.7,7.6,0,1,76.1
"Albania","Rest of Europe",2006,16.6,18.5,83.5945,5.17,98,94,25.7,97,97,0.03,2851,2.99,1.7,1.8,9.2,0,1,75.4
"Iceland","Rest of Europe",2013,1.9,2.4,53.1585,6.8,88,94,26.1,91,91,0.05,50947,0.32,1,0.9,11.9,1,0,82.1
"Qatar","Middle East",2014,7,8.1,57.076,1.01,89,95,29,99,89,0.06,62785,2.46,5.2,4.8,9.8,0,1,79.6
"Switzerland","Rest of Europe",2011,3.9,4.5,54.1965,9.99,88,86,25.1,96,96,0.06,82678,7.91,0.5,0.3,13.3,1,0,82.7
"Portugal","European Union",2015,3,3.6,73.283,10.34,98,95,25.7,98,98,0.12,19250,10.36,0.7,0.5,9.1,1,0,81.1
"Algeria","Africa",2012,22.5,26.2,100.2005,0.43,95,95,25.2,95,95,0.03,4012,37.38,5.9,5.8,7.6,0,1,75.4
"Colombia","South America",2011,15.2,17.7,145.9445,4.3,85,76,25.8,85,85,0.22,5468,45.66,2.2,2,7.5,0,1,75.7
"Ireland","European Union",2009,3.6,4.3,73.9955,10.93,95,86,27.1,94,94,0.07,45386,4.54,0.3,0.2,12.1,1,0,80.2
"Netherlands","European Union",2013,3.5,4.1,60.819,8.59,88,92,25.5,97,97,0.05,44055,16.8,1,0.9,12.1,1,0,81.3
"Cyprus","European Union",2001,5.2,6,67.9315,10.16,89,91,26.3,97,97,0.03,23018,0.96,0.9,1,10.1,1,0,78.1
"Belgium","European Union",2007,3.9,4.7,86.1695,13.43,94,78,25.8,99,98,0.08,40290,10.63,0.8,0.8,11.1,1,0,79.8
"Slovenia","European Union",2011,2.5,3.1,81.406,10.61,88,96,26.2,96,96,0.02,20747,2.05,1.6,1.6,12.2,1,0,80
"New Zealand","Oceania",2013,4.8,5.8,66.5335,9.12,93,86,27.8,92,92,0.03,37219,4.44,0.3,0.3,12.1,1,0,81.4
"Canada","North America",2012,4.9,5.6,67.445,8.3,70,83,26.9,91,95,0.1,42316,34.71,0.5,0.5,12.8,1,0,81.6
"Maldives","Asia",2015,8.4,9.8,68.362,1.26,99,99,25.3,99,99,0.17,9033,0.45,13.6,13.6,6.3,0,1,77.7
"United Arab Emirates","Middle East",2015,6.5,7.6,68.5765,2.12,99,99,28.4,99,99,0.13,38663,9.26,5.3,5.1,10.6,0,1,77.3
"Costa Rica","Central America and Caribbean",2012,8.6,9.9,90.369,3.17,91,95,27,90,91,0.18,10945,4.69,1.8,1.7,8.5,0,1,79.1
"Slovenia","European Union",2002,4.1,4.9,115.2275,9.87,88,98,25.5,93,93,0.02,17302,1.99,2.1,2.2,11.5,1,0,76
"Costa Rica","Central America and Caribbean",2007,9.7,11.1,94.6415,4.25,89,84,26.5,89,89,0.16,9725,4.4,1.9,1.9,8.1,0,1,78.4
"Mexico","North America",2007,18.2,21.3,121.657,4.24,98,85,27.3,98,98,0.15,9214,109.17,1.7,1.7,8,0,1,75.3
"Slovenia","European Union",2012,2.4,2.9,80.7685,10.95,88,96,26.2,96,96,0.02,20157,2.06,1.5,1.5,11.7,1,0,80.1
"Portugal","European Union",2011,3,3.7,83.842,10.86,97,96,25.8,97,97,0.15,19365,10.56,0.7,0.5,8.3,1,0,80.5
"Algeria","Africa",2011,22.9,26.7,102.167,0.4,95,96,25.1,95,95,0.02,3957,36.66,5.9,5.8,7.4,0,1,75.2
"France","European Union",2001,3.9,5.3,99.592,14.15,28,65,24.9,98,97,0.11,34015,61.36,0.7,0.6,10,1,0,79.2
"Cuba","Central America and Caribbean",2012,4.8,6.1,93.229,4.33,96,96,25.4,98,99,0.16,7138,11.26,3.4,3.2,10.8,0,1,78.4
"Israel","Middle East",2005,4.5,5.6,69.3715,2.46,96,96,26.6,95,93,0.08,28810,6.93,1.1,1.1,12.3,1,0,80.2
"Portugal","European Union",2004,3.9,5,98.033,12.26,94,79,25.7,95,95,0.19,19110,10.48,0.7,0.6,7.4,1,0,77.7
"Iceland","Rest of Europe",2014,1.9,2.4,55.2385,7.01,88,93,26.2,90,90,0.05,51233,0.33,1,0.9,12.2,1,0,82.9
"Germany","European Union",2000,4.4,5.4,94.405,12.91,84,81,25.8,94,90,0.08,34490,82.21,1.2,1.2,11.2,1,0,77.9
"Uruguay","South America",2010,9.3,10.7,111.704,5.99,95,92,26.7,95,95,0.24,13433,3.36,1.5,1.5,8.4,0,1,76.8
"Chile","South America",2001,8.7,10.3,106.8675,6.1,94,96,26.7,96,97,0.14,8727,15.52,1,1,9,0,1,76.6
"United States","North America",2011,6.1,7.2,105.032,8.66,91,86,28.6,94,96,0.13,53395,311.58,0.7,0.6,13.3,1,0,78.6
"Australia","Oceania",2003,4.9,5.9,69.879,9.97,95,86,26.5,92,93,0.05,47997,19.9,0.7,0.7,11.8,1,0,80.2
"Singapore","Asia",2013,2.2,2.8,53.8245,1.86,97,90,23.6,97,97,0.09,53300,5.4,2.2,2.2,11.4,0,1,82.2
"Greece","European Union",2011,3.5,4,73.7325,7.48,95,77,27.1,99,99,0.1,19401,11.1,0.8,0.7,10.3,1,0,80.7
"United Kingdom","Rest of Europe",2011,4.3,5,71.514,9.8,88,86,27,95,95,0.08,42772,63.26,0.8,0.5,13,1,0,81
"Costa Rica","Central America and Caribbean",2010,9.2,10.5,92.078,3.74,89,79,26.8,93,88,0.18,10237,4.58,1.8,1.8,8.3,0,1,78.8
"Hungary","European Union",2013,4.7,5.6,133.9655,10.73,88,99,27,99,99,0.08,11710,9.89,1.7,1.7,12,1,0,75.6
"Chile","South America",2000,9.2,10.9,108.8855,6.24,94,96,26.6,91,91,0.15,8556,15.34,1.1,1.1,8.8,0,1,76.4
"Albania","Rest of Europe",2013,9.3,10.4,78.243,4.28,99,99,26.4,99,99,0.03,3781,2.9,1.3,1.4,9.7,0,1,77.6
"Australia","Oceania",2001,5,6.1,73.7145,9.53,94,85,26.3,91,92,0.04,45865,19.41,0.7,0.7,11.9,1,0,79.6
"Finland","European Union",2011,2.4,2.9,83.0505,9.81,88,92,26,99,99,0.08,44467,5.39,0.9,0.8,12.3,1,0,80.5
"Qatar","Middle East",2010,7.8,9.1,59.613,1.07,97,98,28.5,98,97,0.05,63002,1.86,5,4.6,8.4,0,1,79.1
"Thailand","Asia",2014,9.7,11.3,150.71,6.91,99,94,24.2,99,99,0.17,5685,68.44,7.8,7.8,7.6,0,1,75.7
"Oman","Middle East",2012,9.8,11.4,94.4245,0.49,98,99,26.1,99,98,0.05,20102,3.5,7,6.8,8.6,0,1,76.1
"Italy","European Union",2006,3.7,4.3,62.934,8.44,96,83,25.6,97,96,0.09,33752,58.14,0.5,0.5,9.3,1,0,81.3
"Barbados","Central America and Caribbean",2008,14.1,15.3,110.5555,8.63,85,97,27.1,85,85,0.45,18240,0.28,3.9,3.9,9.3,0,1,78.2
"Japan","Asia",2006,2.7,3.6,66.533,7.48,83,86,22.6,95,98,0.17,33532,127.85,1.7,1.5,11.2,1,0,82.3
"Poland","European Union",2007,6.1,7,142.313,10.39,98,98,25.9,99,99,0.08,9749,38.12,2.2,2.4,11.8,1,0,75.2
"Tunisia","Africa",2014,14.9,17.3,92.8345,1.48,98,95,26.2,98,98,0.04,4098,11.06,6.5,6.4,6.9,0,1,75.7
"United Arab Emirates","Middle East",2005,8.4,9.8,83.893,2.68,92,94,27.5,94,94,0.13,53845,4.59,5.1,4.9,9.1,0,1,75.4
"Qatar","Middle East",2004,9.3,10.8,65.436,1,97,95,28,95,96,0.04,61583,0.75,4.8,4.5,8.4,0,1,78.1
"Finland","European Union",2004,3.2,3.9,98.807,9.89,88,92,25.9,96,98,0.08,41522,5.23,0.9,0.8,11.9,1,0,78.7
"Lebanon","Middle East",2004,13.1,15.2,84.8885,1.87,75,24,26.7,74,75,0.03,6677,4.57,4.7,4.6,7.5,0,1,76.4
"Netherlands","European Union",2011,3.6,4.3,63.881,8.95,88,93,25.5,97,97,0.06,44869,16.69,1,0.9,12,1,0,81.2
"China","Asia",2014,9,11.6,84.358,5.65,99,99,23.6,99,99,0.1,7533,1371.86,3.7,3,7.6,0,1,75.6
"Finland","European Union",2015,2,2.5,68.8685,8.52,88,92,25.9,97,97,0.08,42802,5.48,0.9,0.8,12.4,1,0,81.5
"Czechia","European Union",2003,3.9,4.8,120.2325,13.87,92,98,26.6,97,97,0.08,13428,10.19,2.2,2.2,11.4,1,0,75.2
"Cuba","Central America and Caribbean",2005,5.9,7.4,101.699,4.48,95,53,24.9,99,89,0.14,5183,11.26,3.4,3.3,9.9,0,1,77.7
"Luxembourg","European Union",2011,2.3,2.8,66.33,11.74,95,86,26.1,96,99,0.1,105290,0.52,0.9,0.9,11.8,1,0,81
"Lebanon","Middle East",2002,15.1,17.5,92.6345,2.06,77,28,26.5,77,77,0.02,6625,4.18,4.8,4.7,7.5,0,1,75.5
"Oman","Middle East",2008,10.3,12,102.805,0.51,99,98,25.8,97,99,0.05,21143,2.75,6.9,6.8,8.1,0,1,75.2
"Iran, Islamic Rep.","Middle East",2014,13.8,16.1,83.49,0.01,99,65,26,99,99,0.04,5346,77.47,8.3,8.4,9.8,0,1,75.5
"Austria","European Union",2001,4.5,5.4,91.5155,12.35,44,34,25,83,84,0.08,39185,8.04,1.7,1.9,9.2,1,0,78.6
"Germany","European Union",2001,4.3,5.2,91.975,12.46,86,83,25.8,96,93,0.08,35011,82.35,1.2,1.1,11.7,1,0,78.3
"Argentina","South America",2013,11.3,12.7,119.885,8.27,94,83,27.4,90,94,0.14,14072,42.2,1,0.9,9.8,0,1,75.8
"Greece","European Union",2012,3.5,4,72.6245,7.62,98,83,27.1,99,99,0.09,18124,11.05,0.8,0.7,10.3,1,0,80.6
"Australia","Oceania",2009,4.2,5,64.839,10.62,94,82,26.9,92,92,0.05,53226,21.69,0.7,0.6,12.3,1,0,81.5
"Netherlands","European Union",2003,4.8,5.7,79.8805,9.48,88,98,25.2,98,98,0.06,40785,16.23,1.1,1,11.3,1,0,78.5
"Sweden","European Union",2012,2.4,3,55.8855,7.23,53,95,25.9,98,98,0.08,48886,9.52,1.4,1.3,12.4,1,0,81.7
"Lebanon","Middle East",2015,7.1,8.3,60.3175,1.15,81,63,27.5,81,81,0.04,7643,6.53,4.9,4.9,8.5,0,1,78.8
"Sweden","European Union",2002,3.3,4,68.96,6.88,60,94,25.3,99,99,0.08,42377,8.92,1.3,1.3,11.6,1,0,79.8
"Spain","European Union",2009,3.3,4,67.2055,9.99,96,90,26.2,96,96,0.09,25779,46.36,0.6,0.5,9.3,1,0,81.5
"Canada","North America",2002,5.3,6.2,78.1635,7.7,14,85,26.4,88,88,0.1,35016,31.36,0.5,0.4,11.5,1,0,79.5
"Iceland","Rest of Europe",2012,2,2.5,50.618,6.82,88,97,26.1,89,89,0.05,49192,0.32,1,0.9,11.5,1,0,82.9
"Austria","European Union",2004,4.2,5.1,84.8235,12.17,83,47,25.2,83,83,0.08,40651,8.17,1.7,1.9,9.8,1,0,79.2
"Canada","North America",2014,4.7,5.4,66.418,8.1,55,86,26.9,91,91,0.1,43635,35.44,0.5,0.5,13,1,0,81.8
"Slovenia","European Union",2015,2.1,2.6,73.356,11.49,88,96,26.5,95,95,0.01,20890,2.06,1.4,1.3,12,1,0,80.8
"Sweden","European Union",2011,2.5,3,57.197,7.31,62,95,25.8,98,98,0.08,49540,9.45,1.4,1.3,12.4,1,0,81.8
"United Arab Emirates","Middle East",2014,6.7,7.8,69.616,2,99,99,28.3,99,99,0.13,36996,9.21,5.2,5,10.5,0,1,77.1
"Spain","European Union",2002,4.2,5.1,80.4485,10.41,82,92,26.2,98,98,0.09,25026,41.43,0.6,0.5,8.5,1,0,79.6
"Belgium","European Union",2015,3.3,4.1,71.71,10.36,98,85,26.1,99,99,0.08,41008,11.27,1,1,11.7,1,0,81
"Montenegro","Rest of Europe",2013,4.1,4.9,104.853,9.62,90,94,26.3,94,94,0.03,6203,0.62,1.8,1.9,11.2,0,1,76.5
"Sri Lanka","Asia",2009,13.9,21.3,122.485,2.05,97,97,22.4,97,97,0.02,2750,20.12,15.3,15.4,10.9,0,1,75.3
"Bosnia and Herzegovina","Rest of Europe",2013,5.6,6.5,98.9245,4.69,91,93,25.5,87,89,0.08,4391,3.54,2.4,2.4,8.7,0,1,76.6
"Barbados","Central America and Caribbean",2015,13,14,99.0935,9.68,97,89,27.7,97,97,0.28,16559,0.29,3.8,3.7,10.5,0,1,78.8
"Qatar","Middle East",2001,10.3,12,69.798,0.75,93,92,27.7,93,93,0.04,56916,0.62,4.8,4.5,8,0,1,77.6
"Italy","European Union",2004,3.9,4.6,65.986,8.98,96,84,25.6,97,94,0.09,33150,57.69,0.5,0.5,9.1,1,0,80.8
"Ireland","European Union",2006,4.1,4.9,76.8165,13.12,95,86,26.8,91,91,0.06,50462,4.27,0.3,0.2,11.8,1,0,79.2
"Greece","European Union",2008,3.5,4,77.0555,8.73,95,77,27,99,99,0.08,23929,11.08,0.8,0.7,10.1,1,0,79.9
"Singapore","Asia",2010,2.3,2.8,58.746,1.84,96,96,23.5,96,96,0.11,48753,5.08,2.1,2.1,11.2,0,1,81.5
"Costa Rica","Central America and Caribbean",2009,9.3,10.7,92.9325,4.14,87,84,26.7,80,86,0.17,9838,4.52,1.9,1.8,8.4,0,1,78.6
"Spain","European Union",2008,3.4,4.2,70.114,10.24,97,94,26.2,97,97,0.09,27026,45.95,0.6,0.5,9.2,1,0,81.2
"Norway","Rest of Europe",2003,3.6,4.4,75.5335,6.04,88,89,25.9,92,92,0.02,69327,4.56,0.8,0.7,12.2,1,0,79.4
"Japan","Asia",2015,2,2.7,53.586,8.55,83,93,22.7,99,96,0.17,34961,127.14,2.1,1.8,12.5,1,0,83.8
"Croatia","European Union",2004,6.1,7,115.04,12.42,96,98,26,96,96,0.02,10943,4.3,1.9,1.9,9.7,1,0,75.5
"North Macedonia","Rest of Europe",2015,10,11.4,97.197,3.57,92,97,26.7,92,91,0.08,4862,2.07,2.1,2.1,9.6,0,1,75.4
"Morocco","Africa",2015,20.2,23.5,70.9135,0.39,99,95,25.9,99,99,0.03,2875,34.66,6.4,6.2,5,0,1,75.7
"Singapore","Asia",2005,2.3,2.9,67.5915,1.49,96,95,23.5,96,96,0.14,41799,4.27,2.1,2,10.5,0,1,80
"Slovenia","European Union",2007,3.1,3.8,99.0175,11.02,88,98,25.9,97,97,0.03,21575,2.02,1.8,1.8,11.8,1,0,78.6
"United States","North America",2003,6.9,8.1,113.733,8.4,92,86,27.9,91,96,0.13,50036,290.11,0.7,0.6,12.8,1,0,77
"New Zealand","Oceania",2009,5.2,6.2,71.942,9.24,93,86,27.6,92,92,0.04,35252,4.3,0.3,0.3,11.9,1,0,80.7
"Slovak Republic","European Union",2012,5.5,6.6,115.561,10.14,99,97,26.2,99,99,0.01,15067,5.41,1.2,1.3,12.3,1,0,76.1
"Qatar","Middle East",2012,7.4,8.7,58.689,1.03,93,99,28.7,93,92,0.06,63234,2.2,5.1,4.7,9.2,0,1,79.4
"Lebanon","Middle East",2013,7.7,9,62.766,1.18,81,65,27.4,81,81,0.04,8201,5.91,4.8,4.8,8.3,0,1,78.7
"Slovak Republic","European Union",2015,5.1,6.2,110.515,10.27,96,97,26.4,96,96,0.02,16342,5.42,1.2,1.2,12.5,1,0,76.6
"Panama","Central America and Caribbean",2012,16,18.7,119.297,6.21,85,72,26.6,87,85,0.4,12080,3.77,1.9,1.9,9.5,0,1,77.2
"Cyprus","European Union",2005,3.8,4.5,63.682,11.41,88,91,26.6,98,98,0.04,25630,1.03,0.9,1,10.7,1,0,78.6
"Estonia","European Union",2012,3,3.9,133.087,16.96,94,94,26.2,94,94,0.08,16257,1.32,1.9,1.9,12.5,1,0,76.3
"Greece","European Union",2013,3.6,4.1,72.0015,7.55,98,83,27.1,99,99,0.08,17796,10.97,0.8,0.7,10.4,1,0,81.3
"United Arab Emirates","Middle East",2008,7.9,9.2,76.8985,1.86,92,92,27.8,94,92,0.13,40755,7.09,5.1,4.9,9.6,0,1,76
"Bosnia and Herzegovina","Rest of Europe",2010,6.3,7.2,102.9815,4.57,89,91,25.4,90,89,0.08,4096,3.71,2.6,2.6,7.1,0,1,76
"Qatar","Middle East",2002,10,11.6,68.394,0.83,98,91,27.8,96,96,0.04,58542,0.64,4.8,4.5,8.1,0,1,77.8
"St. Lucia","Central America and Caribbean",2015,19.5,21.9,136.3935,9.23,99,83,29.8,99,99,0.4,10094,0.18,4.3,4.3,8.9,0,1,75.6
"Costa Rica","Central America and Caribbean",2001,10.5,12.6,98.266,4.25,80,86,25.9,92,91,0.13,7805,4.03,2.3,2.2,8,0,1,77.6
"United Kingdom","Rest of Europe",2006,5,5.9,80.04,10.93,88,86,26.8,92,92,0.08,43928,60.85,0.7,0.5,12.4,1,0,79.2
"Colombia","South America",2015,13.4,15.5,140.0675,4.16,91,86,26.1,91,91,0.19,6176,47.52,2.1,1.9,8.1,0,1,76.5
"Morocco","Africa",2014,21.3,24.9,72.144,0.41,99,54,25.8,99,99,0.04,2789,34.19,6.4,6.2,5,0,1,75.5
"Bosnia and Herzegovina","Rest of Europe",2008,6.9,7.9,105.6105,5.03,88,92,25.2,92,91,0.08,4132,3.75,2.8,2.7,7.6,0,1,75.7
"Maldives","Asia",2014,9.1,10.5,70.354,1.3,99,97,25.2,99,99,0.17,9182,0.44,13.6,13.7,6.2,0,1,77.4
"Germany","European Union",2002,4.2,5.1,91.2495,12.25,87,77,25.9,97,93,0.08,34883,82.49,1.2,1.1,12.1,1,0,78.2
"Maldives","Asia",2008,13.8,16.1,78.1485,1.52,98,76,24.2,98,98,0.17,9119,0.34,14.2,14.3,4.3,0,1,75.1
"Barbados","Central America and Caribbean",2009,13.9,15.1,108.625,8.24,93,97,27.2,93,93,0.41,17254,0.28,3.8,3.8,9.3,0,1,78.3
"Luxembourg","European Union",2009,2.4,2.9,73.2125,11.98,95,86,26.1,96,99,0.09,104574,0.5,0.9,0.9,11.8,1,0,80.6
"Israel","Middle East",2011,3.5,4.4,59.725,2.81,98,87,27,94,94,0.08,33678,7.77,1.2,1.1,12.7,1,0,81.7
"Luxembourg","European Union",2004,2.9,3.5,86.0865,12.34,94,86,25.8,99,99,0.07,100293,0.46,1,0.9,11.1,1,0,79.1
"Sri Lanka","Asia",2008,10.5,12.2,124.8175,2.1,98,97,22.3,98,98,0.02,2675,19.98,15.4,15.4,11,0,1,75.2
"France","European Union",2010,3.1,4.2,84.668,12.3,65,61,25.1,99,99,0.1,35640,65.03,0.6,0.6,10.9,1,0,81.7
"Netherlands","European Union",2004,4.6,5.5,76.488,9.57,88,98,25.3,98,98,0.06,41450,16.28,1,1,11.5,1,0,79.1
"Italy","European Union",2001,4.5,5.3,74.622,9.68,95,84,25.4,96,93,0.1,32964,56.97,0.5,0.5,8.7,1,0,80.1
"Chile","South America",2002,8.3,9.8,104.85,6.06,94,96,26.8,97,97,0.14,8910,15.68,1,1,9.2,0,1,76.9
"Austria","European Union",2015,3,3.7,64.6875,11.6,93,88,25.5,93,93,0.08,44196,8.64,1.9,2.1,12.1,1,0,81.2
"New Zealand","Oceania",2005,5.5,6.6,77.0035,9.32,87,86,27.2,89,89,0.03,35052,4.13,0.3,0.3,11.7,1,0,79.9
"Switzerland","Rest of Europe",2008,4,4.7,59.218,10.29,88,83,25,96,95,0.07,82998,7.65,0.5,0.4,12.9,1,0,82
"Lebanon","Middle East",2010,8.7,10.2,67.7015,1.37,81,73,27.1,77,81,0.03,9115,4.95,4.7,4.7,7.9,0,1,78.4
"Malta","European Union",2008,5.9,6.8,57.259,6.87,86,83,27.1,72,72,0.08,19948,0.41,0.7,0.7,10,1,0,79.6
"Canada","North America",2010,5,5.7,69.0295,8.4,56,85,26.8,90,89,0.1,41155,34,0.5,0.4,12.6,1,0,81.2
"Japan","Asia",2013,2.1,2.9,57.102,8.65,83,93,22.7,99,96,0.17,34240,127.45,2,1.7,12.2,1,0,83.3
"Portugal","European Union",2002,4.7,6.1,106.0975,12.5,82,64,25.6,96,98,0.21,19068,10.42,0.8,0.6,7,1,0,77.1
"Australia","Oceania",2006,4.7,5.6,65.59,10.31,95,87,26.7,92,92,0.05,50948,20.7,0.7,0.6,11.9,1,0,81
"Malta","European Union",2000,6.9,7.8,64.045,5.94,86,52,26.9,94,94,0.08,17189,0.39,0.8,0.7,8.1,1,0,78.3
"Ecuador","South America",2011,15.6,18.1,131.6005,3.99,88,92,26.6,85,88,0.16,5655,15.24,1.3,1.2,8,0,1,75.3
"Spain","European Union",2003,4.1,5,80.6985,11.04,81,92,26.2,99,98,0.09,25311,42.19,0.6,0.5,8.6,1,0,79.6
"Czechia","European Union",2011,2.6,3.3,95.5795,12.56,99,98,26.9,99,99,0.08,16762,10.5,1.9,1.9,12.5,1,0,77.9
"Argentina","South America",2011,12.4,13.9,122.669,7.69,91,91,27.2,93,91,0.14,14200,41.26,1,0.9,9.8,0,1,75.4
"Antigua and Barbuda","Central America and Caribbean",2014,6.8,8.1,131.452,9.66,99,99,26.5,96,99,0.2,13909,0.09,3.3,3.3,9.2,0,1,76.3
"Panama","Central America and Caribbean",2011,16.5,19.3,120.477,6.16,87,81,26.5,91,87,0.4,11194,3.71,2,1.9,9.3,0,1,77
"Uruguay","South America",2002,14.1,16.2,120.9975,6.08,95,92,26,93,95,0.18,8929,3.33,1.7,1.7,8,0,1,75.2
"Barbados","Central America and Caribbean",2001,14,15.3,125.1375,7.42,83,70,26.6,93,84,0.61,15834,0.27,4.2,4.2,9,0,1,77.4
"North Macedonia","Rest of Europe",2011,8.8,10,103.787,3.52,96,97,26.4,97,96,0.08,4434,2.06,2.2,2.3,9.3,0,1,75.1
"United Arab Emirates","Middle East",2006,8.2,9.6,81.046,2.46,92,93,27.6,94,92,0.13,51197,5.3,5.1,4.9,9.3,0,1,75.6
"Canada","North America",2008,5.1,5.9,72.9125,8.4,28,85,26.8,96,92,0.1,42064,33.25,0.5,0.4,12.4,1,0,80.7
"Finland","European Union",2014,2.1,2.6,72.193,8.76,88,92,25.9,98,98,0.08,42711,5.46,0.9,0.8,12.4,1,0,81.2
"Barbados","Central America and Caribbean",2014,13.3,14.3,100.3405,9.27,94,91,27.6,95,94,0.29,16188,0.28,3.8,3.7,10.5,0,1,78.7
"Netherlands","European Union",2000,5.1,6.2,83.609,10.13,88,97,25,97,97,0.06,40457,15.93,1.1,1.1,10.8,1,0,78
"Uruguay","South America",2008,10.3,11.8,114.3705,6.54,94,93,26.5,94,94,0.22,12022,3.34,1.6,1.5,8.4,0,1,76.4
"Luxembourg","European Union",2014,2.3,2.8,58.7975,11.42,94,86,26.2,99,99,0.1,105584,0.56,1,0.9,12,1,0,82.2
"Switzerland","Rest of Europe",2007,4.1,4.8,62.047,10.44,88,71,25,94,94,0.07,81805,7.55,0.5,0.4,12.6,1,0,81.7
"Costa Rica","Central America and Caribbean",2008,9.5,10.9,93.787,4.29,89,89,26.6,89,90,0.16,10053,4.46,1.9,1.8,8.4,0,1,78.5
"Panama","Central America and Caribbean",2010,17,19.9,121.6565,6.1,94,73,26.5,95,94,0.4,10232,3.64,2,1.9,9.3,0,1,76.8
"Oman","Middle East",2009,10.2,11.8,100.71,0.5,98,99,25.9,96,98,0.05,21458,2.88,6.9,6.8,7.7,0,1,75.4
"Japan","Asia",2009,2.4,3.3,63.037,6.98,83,92,22.7,99,97,0.17,31651,128.05,1.8,1.6,11.4,1,0,82.9
"Spain","European Union",2012,2.9,3.6,61.3175,8.6,96,90,26.1,96,97,0.09,24635,46.77,0.6,0.5,9.5,1,0,82.4
"Spain","European Union",2011,3,3.7,63.491,8.74,97,91,26.1,97,97,0.09,25403,46.74,0.6,0.5,9.5,1,0,82.5
"Croatia","European Union",2011,4.5,5.3,99.7905,11.01,97,98,26.8,96,96,0.02,11780,4.28,1.6,1.5,11,1,0,76.8
"Czechia","European Union",2002,4.1,5,118.748,13.77,86,98,26.5,97,98,0.08,12960,10.2,2.2,2.3,11.1,1,0,75.2
"Lebanon","Middle East",2009,9.2,10.7,69.5575,1.53,81,75,27,76,81,0.03,8687,4.81,4.7,4.7,7.9,0,1,78.2
"Czechia","European Union",2010,2.7,3.4,97.8545,12.68,99,98,26.8,99,99,0.08,16506,10.47,1.9,2,12.4,1,0,77.4
"Cyprus","European Union",2014,2.4,2.9,52.635,9.63,96,88,26.8,99,99,0.06,22514,1.15,0.9,1,11.9,1,0,80.2
"Finland","European Union",2000,3.5,4.3,103.8765,8.88,88,92,25.7,96,99,0.08,37884,5.18,0.9,0.9,9.3,1,0,77.5
"Portugal","European Union",2008,3.2,4,89.2665,11.47,97,95,25.8,97,97,0.17,19986,10.56,0.7,0.5,7.8,1,0,78.5
"Uruguay","South America",2011,8.9,10.3,110.371,6.02,95,93,26.8,95,95,0.23,14086,3.37,1.5,1.5,8.4,0,1,76.9
"Ireland","European Union",2004,4.7,5.6,81.2525,13.11,95,86,26.7,89,89,0.06,47731,4.07,0.3,0.2,11.6,1,0,78.5
"Denmark","European Union",2012,3.5,4.1,75.094,9.23,88,87,25.3,94,94,0.04,51567,5.59,1.1,0.9,12.8,1,0,80.1
"Malta","European Union",2013,5.8,6.6,53.4165,7.32,94,88,27.1,99,99,0.08,22071,0.43,0.8,0.7,11,1,0,81.7
"Finland","European Union",2009,2.6,3.2,89.883,9.96,88,92,26,99,99,0.08,42412,5.34,0.9,0.8,12.2,1,0,79.7
"Austria","European Union",2002,4.4,5.3,89.4275,12.09,81,39,25.1,82,83,0.08,39636,8.08,1.7,1.9,9.4,1,0,78.7
"Croatia","European Union",2008,5.1,5.9,104.768,11.36,97,98,26.4,96,96,0.02,12790,4.31,1.7,1.7,10.3,1,0,75.9
"Croatia","European Union",2013,4.3,5.1,95.4975,10.39,96,97,27,96,96,0.02,11537,4.26,1.5,1.5,11,1,0,77.1
"Japan","Asia",2007,2.6,3.5,65.136,7.28,83,89,22.6,97,98,0.17,33990,128,1.8,1.5,11.3,1,0,82.5
"Norway","Rest of Europe",2014,2.3,2.8,56.476,6.06,88,92,26.6,93,93,0.04,73650,5.14,0.8,0.7,12.5,1,0,82.1
"Turkiye","Middle East",2013,12.7,14.7,109.578,1.33,97,65,27.7,98,98,0.08,10226,75.93,4.9,4.7,7.7,0,1,75.8
"Netherlands","European Union",2009,3.8,4.6,65.6915,9.12,88,93,25.5,97,97,0.06,44028,16.53,1,0.9,11.9,1,0,80.5
"Italy","European Union",2002,4.3,5,72.478,9.25,95,84,25.5,96,93,0.09,32998,57.06,0.5,0.5,8.8,1,0,80.2
"United Kingdom","Rest of Europe",2012,4.1,4.8,69.147,9.53,88,86,27,95,95,0.08,43100,63.7,0.8,0.5,12.9,1,0,80.9
"United States","North America",2007,6.6,7.7,109.026,8.74,93,86,28.3,93,96,0.13,54300,301.23,0.7,0.6,12.9,1,0,78
"Iceland","Rest of Europe",2004,2.7,3.4,61.9875,6.71,88,89,25.7,99,99,0.03,46766,0.29,1,0.9,9.9,1,0,81
"Malta","European Union",2015,5.7,6.6,51.8135,7.37,95,91,27.1,97,97,0.08,24922,0.45,0.8,0.8,11.2,1,0,81.9
"Belgium","European Union",2013,3.4,4.2,75.9595,10.33,98,85,26,99,99,0.08,39970,11.16,1,0.9,11.4,1,0,80.6
"New Zealand","Oceania",2008,5.2,6.3,73.0145,9.48,90,86,27.5,89,89,0.04,35655,4.26,0.3,0.3,11.8,1,0,80.4
"Singapore","Asia",2003,2.5,3.2,71.202,1.43,95,96,23.5,96,96,0.15,36710,4.11,2.1,2,9.8,0,1,79
"Canada","North America",2003,5.3,6.2,77.6255,7.7,14,84,26.5,88,91,0.1,36024,31.64,0.5,0.4,11.7,1,0,79.7
"Germany","European Union",2006,3.8,4.6,82.246,11.76,87,90,26.1,94,96,0.08,36699,82.38,1.1,1.1,13.6,1,0,79.1
"Bosnia and Herzegovina","Rest of Europe",2009,6.6,7.5,104.296,4.69,90,88,25.3,90,90,0.08,4028,3.74,2.7,2.7,7.7,0,1,75.8
"Canada","North America",2004,5.3,6.1,75.8795,7.8,14,84,26.6,91,91,0.1,37086,31.94,0.5,0.4,12,1,0,79.9
"Costa Rica","Central America and Caribbean",2005,9.9,11.3,95.7985,4.11,90,86,26.3,91,91,0.15,8606,4.29,2,2,7.9,0,1,78.1
"Slovenia","European Union",2013,2.3,2.8,77.3625,9.53,88,95,26.3,95,95,0.02,19922,2.06,1.4,1.4,11.7,1,0,80.3
"Poland","European Union",2011,4.9,5.7,126.5725,10.24,98,95,26.2,96,99,0.08,11369,38.06,2,2.2,12.3,1,0,76.7
"New Zealand","Oceania",2002,5.8,7,82.496,9.09,89,86,26.9,84,90,0.03,32657,3.95,0.3,0.3,11.6,1,0,78.8
"Australia","Oceania",2002,5,6,71.935,9.84,95,85,26.4,92,92,0.04,47127,19.65,0.7,0.7,11.8,1,0,79.9
"Montenegro","Rest of Europe",2015,3.3,4,100.861,8.49,82,94,26.5,89,89,0.03,6517,0.62,1.8,1.8,11.3,0,1,76.4
"Singapore","Asia",2006,2.3,2.9,65.786,1.55,95,96,23.5,95,95,0.14,44160,4.4,2.1,2,10.1,0,1,80.1
"Greece","European Union",2015,3.8,4.4,70.7555,6.68,96,83,27.1,99,99,0.06,18084,10.82,0.8,0.7,10.6,1,0,81
"Bosnia and Herzegovina","Rest of Europe",2004,7.9,9.1,111.9335,4.38,92,88,25,87,84,0.08,3371,3.76,3,3,7.3,0,1,75.1
"Barbados","Central America and Caribbean",2004,14.4,15.7,118.7115,7.43,93,99,26.8,93,93,0.57,16369,0.28,4.1,4,9.2,0,1,77.8
"Malta","European Union",2010,5.8,6.7,55.7385,6.99,75,85,27.1,76,76,0.08,20558,0.41,0.8,0.7,10.3,1,0,81.4
"Switzerland","Rest of Europe",2012,3.8,4.4,53.4515,9.87,88,86,25.1,96,96,0.06,82800,8,0.5,0.3,13.4,1,0,82.7
"Lebanon","Middle East",2001,16,18.7,97.5565,2.32,80,42,26.4,80,80,0.02,6712,3.99,4.9,4.7,7.5,0,1,75
"North Macedonia","Rest of Europe",2014,9.9,11.2,98.63,3.56,97,97,26.6,96,95,0.08,4687,2.07,2.2,2.2,9.5,0,1,75.5
"Uruguay","South America",2005,12.5,14.4,117.821,6.26,96,92,26.3,96,96,0.19,10170,3.32,1.6,1.6,8,0,1,75.8
"New Zealand","Oceania",2007,5.3,6.4,75.011,9.2,88,86,27.4,88,88,0.04,36363,4.22,0.3,0.3,11.8,1,0,80.2
"North Macedonia","Rest of Europe",2010,9.2,10.4,106.0775,3.53,90,97,26.3,95,95,0.08,4340,2.06,2.3,2.3,9.1,0,1,75
"Ireland","European Union",2015,3.2,3.7,61.0195,10.81,95,86,27.4,95,95,0.07,62012,4.7,0.3,0.2,12.3,1,0,81.5
"Canada","North America",2005,5.2,6.1,75.7275,8,14,85,26.6,93,93,0.1,38573,32.24,0.5,0.4,12.2,1,0,80.2
"Croatia","European Union",2014,4.3,5,92.863,9.5,95,97,27.1,95,95,0.02,11544,4.24,1.5,1.5,11.1,1,0,77.5
"Switzerland","Rest of Europe",2009,4,4.6,59.034,10.15,88,83,25.1,96,95,0.06,80262,7.74,0.5,0.4,13.3,1,0,82
"Colombia","South America",2012,14.7,17.1,144.2095,4.37,92,80,25.9,91,91,0.21,5631,46.08,2.1,1.9,7.6,0,1,75.9
"Austria","European Union",2000,4.6,5.5,94.882,13.35,33,35,25,71,81,0.08,38843,8.01,1.7,1.9,9,1,0,78.1
"Chile","South America",2011,7.3,8.5,94.631,7.02,94,77,27.5,93,94,0.18,12339,17.23,0.8,0.8,9.8,0,1,79
"France","European Union",2004,3.4,4.8,92.3955,13.14,35,65,25,99,98,0.11,34900,62.7,0.6,0.6,10.3,1,0,80.2
"United Arab Emirates","Middle East",2004,8.6,10.1,86.7395,1.59,92,92,27.5,94,94,0.13,57910,4.07,5.2,4.9,8.9,0,1,75.2
"Croatia","European Union",2015,4.2,4.9,90.2285,9.64,94,96,27.3,94,94,0.02,11933,4.2,1.5,1.4,11.2,1,0,77.3
"Malta","European Union",2009,5.9,6.7,56.4985,7.1,86,85,27.1,73,73,0.08,19574,0.41,0.8,0.7,10.2,1,0,80.2
"Estonia","European Union",2014,2.6,3.3,123.2,17.29,93,93,26.3,93,93,0.08,17097,1.31,1.9,1.9,12.6,1,0,77
"Sri Lanka","Asia",2007,11,12.8,127.15,2.29,98,97,22.2,98,98,0.02,2543,19.84,15.4,15.5,10.6,0,1,75
"Netherlands","European Union",2006,4.3,5.1,70.055,9.58,88,92,25.4,96,96,0.06,43592,16.35,1,1,11.8,1,0,79.7
"Sri Lanka","Asia",2010,9.8,11.4,120.153,2.31,99,99,22.5,99,99,0.01,2950,20.26,15.3,15.3,10.8,0,1,75.4
"Austria","European Union",2009,3.7,4.5,76.57,11.87,83,64,25.4,83,83,0.08,42655,8.34,1.7,1.9,11.7,1,0,80.3
"Brunei Darussalam","Asia",2014,8.6,10.4,89.377,0.67,99,96,26.9,99,99,0.1,31679,0.41,5.7,5.2,9,0,1,75.2
"Switzerland","Rest of Europe",2015,3.7,4.3,49.384,9.62,88,87,25.2,96,97,0.05,84776,8.28,0.4,0.3,13.4,1,0,82.9
"Albania","Rest of Europe",2014,8.8,9.9,76.724,4.1,98,98,26.5,98,98,0.03,3856,2.89,1.2,1.3,9.7,0,1,77.8
"Qatar","Middle East",2015,6.7,7.8,56.2695,1.03,99,91,29.1,99,99,0.06,63039,2.57,5.2,4.9,9.8,0,1,79.8
"Norway","Rest of Europe",2013,2.4,2.9,60.485,6.21,88,91,26.5,94,94,0.04,73047,5.08,0.8,0.7,12.7,1,0,81.8
"United Kingdom","Rest of Europe",2001,5.5,6.4,86.493,11.31,88,86,26.4,91,91,0.08,39888,59.12,0.7,0.5,11.8,1,0,78
"Australia","Oceania",2012,3.6,4.3,60.0415,10.03,91,91,27,92,92,0.05,55255,22.73,0.6,0.6,12.6,1,0,82
"Barbados","Central America and Caribbean",2005,14.4,15.7,116.6365,7.84,92,98,26.9,91,92,0.55,16952,0.28,4,4,9.2,0,1,77.9
"Uruguay","South America",2012,8.6,10,109.0375,6.55,95,93,26.9,95,95,0.24,14541,3.38,1.5,1.5,8.5,0,1,77
"Thailand","Asia",2012,10.6,12.4,154.351,7.1,98,91,24,99,99,0.2,5531,67.84,8,8.1,7.7,0,1,75
"Malta","European Union",2003,6.3,7.2,61.136,6.54,89,59,27,94,94,0.08,17747,0.4,0.7,0.7,8.5,1,0,78.5
"Vietnam","Asia",2013,17.8,22.2,127.4215,2.68,59,65,21.5,93,59,0.13,2315,90.75,14.3,14.9,7.9,0,1,75
"Barbados","Central America and Caribbean",2006,14.3,15.6,114.561,8.12,84,94,27,85,84,0.52,17914,0.28,4,3.9,9.2,0,1,78
"Denmark","European Union",2003,4.5,5.4,97.2905,11.53,88,88,25.1,96,96,0.04,49600,5.39,1.2,1,12.8,1,0,77.1
"Barbados","Central America and Caribbean",2010,13.8,15,106.695,8.66,86,96,27.3,90,86,0.38,16784,0.28,3.8,3.8,9.4,0,1,78.4
"Germany","European Union",2003,4.1,5,90.053,11.92,90,83,26,96,97,0.08,34620,82.53,1.1,1.1,12.5,1,0,78.4
"Barbados","Central America and Caribbean",2013,13.5,14.6,101.5875,9.05,91,89,27.5,91,91,0.31,16232,0.28,3.8,3.8,10.5,0,1,78.6
"Spain","European Union",2007,3.6,4.4,71.7905,11.05,96,95,26.2,96,96,0.09,27219,45.23,0.6,0.5,9.1,1,0,80.9
"Australia","Oceania",2005,4.8,5.7,66.521,10.3,95,85,26.7,92,92,0.05,50333,20.39,0.7,0.6,11.7,1,0,80.8
"Portugal","European Union",2001,5.1,6.6,108.319,12.63,70,56,25.6,96,97,0.22,19026,10.36,0.8,0.6,6.9,1,0,76.8
"Canada","North America",2013,4.8,5.5,66.0915,8.2,55,86,26.9,91,91,0.1,42846,35.08,0.5,0.5,12.9,1,0,81.7
"Slovenia","European Union",2009,2.8,3.4,88.8695,10.52,88,98,26,96,96,0.03,20428,2.04,1.7,1.7,12.1,1,0,79
"Antigua and Barbuda","Central America and Caribbean",2005,10.6,12.9,146.703,7.44,99,46,25.6,98,99,0.1,15122,0.08,3.5,3.4,9.1,0,1,75
"Slovenia","European Union",2000,4.6,5.5,120.8335,12.8,88,98,25.4,93,91,0.02,16241,1.99,2.2,2.3,11.6,1,0,75.4
"Estonia","European Union",2013,2.8,3.6,118.171,17.75,93,92,26.3,94,94,0.08,16553,1.32,1.9,1.9,12.6,1,0,77.1
"New Zealand","Oceania",2006,5.4,6.5,74.797,9.36,87,86,27.3,89,89,0.03,35625,4.18,0.3,0.3,11.7,1,0,80
"Ireland","European Union",2007,3.9,4.6,73.766,13.17,95,86,26.9,92,92,0.06,51625,4.4,0.3,0.2,11.9,1,0,79.6
"Israel","Middle East",2000,5.6,6.9,78.6545,2.58,98,97,26.1,93,93,0.08,28748,6.29,1.1,1.1,12,1,0,79
"Denmark","European Union",2001,4.7,5.6,101.2215,11.54,88,87,25,97,97,0.04,49470,5.36,1.3,1,11.4,1,0,76.8
"Serbia","Rest of Europe",2015,5.4,6.3,114.328,7.2,94,86,26,95,95,0.02,5589,7.1,2,2,11,0,1,75.3
"United Kingdom","Rest of Europe",2003,5.3,6.2,84.179,11.28,88,86,26.5,91,91,0.08,41598,59.65,0.7,0.5,12,1,0,78.4
"Belgium","European Union",2011,3.6,4.4,79.9355,10.14,97,83,26,98,98,0.08,39929,11.04,0.9,0.9,11.2,1,0,80.6
"Cuba","Central America and Caribbean",2009,5.2,6.5,95.7135,3.97,96,95,25.2,99,96,0.15,6601,11.23,3.4,3.2,10.8,0,1,78.3
"Malta","European Union",2011,5.8,6.6,54.9785,6.89,82,85,27.1,96,96,0.08,20566,0.42,0.8,0.7,10.5,1,0,80.7
"Belgium","European Union",2005,4,4.9,88.2405,12.21,77,79,25.7,97,97,0.08,38426,10.48,0.8,0.8,10.7,1,0,79
"Slovenia","European Union",2001,4.3,5.2,121.8735,11.58,88,98,25.4,93,92,0.02,16737,1.99,2.2,2.2,11.5,1,0,75.8
"Hungary","European Union",2012,4.8,5.7,142.5135,11.13,88,99,27,99,99,0.08,11470,9.92,1.7,1.7,12.2,1,0,75.1
"Singapore","Asia",2002,2.6,3.4,73.007,2.16,95,96,23.5,94,94,0.15,34599,4.18,2.1,2,9.5,0,1,78.6
"Lebanon","Middle East",2012,8,9.3,63.99,1.24,81,68,27.3,80,81,0.04,8434,5.54,4.8,4.8,8.1,0,1,78.6
"Belgium","European Union",2008,3.8,4.6,86.6285,10.51,98,81,25.9,99,99,0.08,40152,10.71,0.8,0.8,11,1,0,79.7
"Brunei Darussalam","Asia",2012,8.2,10,91.9455,0.96,99,96,26.7,92,99,0.1,34097,0.4,5.8,5.3,8.9,0,1,75
"United Kingdom","Rest of Europe",2014,3.9,4.5,68.7755,9.45,88,86,27.1,95,95,0.08,44596,64.6,0.8,0.5,12.7,1,0,81.3
"United States","North America",2014,5.9,6.9,105.6355,8.78,92,86,28.8,93,95,0.12,55675,318.39,0.8,0.6,13.3,1,0,78.8
"Luxembourg","European Union",2003,3.1,3.8,87.4675,12.52,95,86,25.7,99,98,0.07,97598,0.45,1,0.9,10.9,1,0,77.7
"Chile","South America",2006,7.6,9,100.081,7.33,95,95,27.1,94,94,0.15,10714,16.35,0.9,0.9,9.5,0,1,77.9
"Iceland","Rest of Europe",2005,2.6,3.2,58.873,7.05,88,90,25.8,95,95,0.03,48851,0.3,0.9,0.9,10,1,0,81.5
"Norway","Rest of Europe",2000,3.9,4.9,83.859,5.67,88,90,25.6,91,90,0.03,67438,4.49,0.8,0.7,12,1,0,78.6
"Iran, Islamic Rep.","Middle East",2013,14.4,16.8,85.1195,0.01,99,65,26,98,98,0.05,5157,76.48,8.2,8.3,9.8,0,1,75.2
"Croatia","European Union",2012,4.4,5.2,98.132,10.58,98,97,26.9,96,96,0.02,11547,4.27,1.5,1.5,11,1,0,76.9
"Iceland","Rest of Europe",2000,3.2,4.1,78.916,6.14,88,91,25.5,98,98,0.02,42175,0.28,1,0.9,9.4,1,0,79.7
"Australia","Oceania",2013,3.5,4.1,60.215,10,91,92,27,91,91,0.05,55724,23.13,0.6,0.6,12.6,1,0,82.1
"Austria","European Union",2005,4.1,4.9,83.48,12.14,86,54,25.2,86,86,0.08,41281,8.23,1.7,1.9,9.9,1,0,79.3
"France","European Union",2007,3.2,4.4,87.7925,12.95,42,64,25,99,98,0.11,36468,64.02,0.6,0.6,10.7,1,0,81.1
"Bosnia and Herzegovina","Rest of Europe",2015,5.4,6.3,96.067,4.9,82,88,25.7,74,82,0.08,4730,3.43,2.3,2.3,9,0,1,76.9
"China","Asia",2012,10.6,13.5,88.5285,5.52,99,99,23.4,99,99,0.1,6592,1354.19,3.9,3.3,7.5,0,1,75
"Uruguay","South America",2009,9.7,11.2,113.037,6.45,95,93,26.6,95,95,0.23,12496,3.35,1.5,1.5,8.4,0,1,76.6
"Ecuador","South America",2010,16.3,19,133.788,3.97,90,91,26.5,88,91,0.16,5324,15.01,1.3,1.2,7.9,0,1,75.1
"France","European Union",2002,3.7,5.1,98.657,13.92,29,65,24.9,97,97,0.11,34152,61.81,0.7,0.6,10.1,1,0,79.3
"Peru","South America",2014,12.7,16.4,125.6385,5.51,88,44,26.4,78,88,0.12,6109,30.09,1.1,1.1,9.4,0,1,75.5
"Brunei Darussalam","Asia",2015,8.8,10.6,88.093,0.67,99,97,27,99,99,0.1,31164,0.41,5.7,5.1,9,0,1,75.3
"Ireland","European Union",2002,5.5,6.5,86.879,13.95,95,86,26.5,83,83,0.05,44919,3.93,0.3,0.3,11.2,1,0,77.6
"United Kingdom","Rest of Europe",2015,3.8,4.5,69.3335,9.59,88,86,27.1,96,96,0.08,45405,65.12,0.8,0.6,12.8,1,0,81
"France","European Union",2012,3.1,4.1,80.3445,12.22,78,72,25,99,99,0.1,36183,65.66,0.6,0.6,11,1,0,82
"Portugal","European Union",2012,3,3.7,80.7525,9.76,98,96,25.8,98,98,0.14,18655,10.51,0.7,0.5,8.5,1,0,80.4
"Slovak Republic","European Union",2010,5.8,7,121.948,10.16,99,97,26,99,99,0.01,14526,5.39,1.3,1.3,11.6,1,0,75.1
"Malta","European Union",2012,5.8,6.6,54.218,7.18,93,91,27.1,99,99,0.08,21222,0.42,0.8,0.7,10.8,1,0,80.7
"Mexico","North America",2012,15.4,17.9,115.0265,3.86,99,92,27.7,99,99,0.16,9280,117.27,1.6,1.5,8.6,0,1,75
"Qatar","Middle East",2009,8,9.4,60.075,1.09,99,99,28.4,98,99,0.05,59091,1.65,5,4.6,9.2,0,1,78.9
"Maldives","Asia",2012,10.4,12.1,74.337,1.23,99,99,24.9,99,99,0.17,8733,0.4,13.8,13.9,5.5,0,1,76.7
"Barbados","Central America and Caribbean",2003,14.3,15.7,120.787,7.51,91,71,26.7,90,89,0.58,16197,0.27,4.1,4.1,9.1,0,1,77.7
"Czechia","European Union",2009,2.9,3.5,100.7625,13.43,99,98,26.8,99,99,0.08,16161,10.44,1.9,2,12.3,1,0,77.1
"Luxembourg","European Union",2007,2.5,3.1,78.1125,12.27,87,86,26,96,99,0.09,112418,0.48,0.9,0.9,11.7,1,0,79.4
"Switzerland","Rest of Europe",2000,4.7,5.6,76.677,11.26,88,71,24.8,95,93,0.09,74013,7.18,0.7,0.5,11.4,1,0,79.7
"Cyprus","European Union",2002,4.8,5.6,66.799,11.68,88,91,26.4,98,98,0.03,23603,0.98,0.9,1,10.2,1,0,78.3
"Antigua and Barbuda","Central America and Caribbean",2006,10.1,12.3,144.8485,7.7,99,68,25.7,99,99,0.1,16786,0.08,3.4,3.4,9.2,0,1,75.2
"Sri Lanka","Asia",2012,8.9,10.4,115.4885,2.89,99,99,22.7,99,99,0.01,3463,20.43,15.3,15.2,10.9,0,1,75.8
"Switzerland","Rest of Europe",2001,4.6,5.5,73.0875,11.12,88,71,24.8,95,93,0.1,74705,7.23,0.7,0.5,11.6,1,0,80.2
"Algeria","Africa",2014,21.9,25.5,97.277,0.54,95,99,25.4,95,95,0.04,4112,38.92,6,5.8,7.9,0,1,75.9
"Thailand","Asia",2013,10.2,11.8,152.5305,6.89,99,94,24.1,99,99,0.19,5654,68.14,7.9,7.9,7.5,0,1,75.4
"Cyprus","European Union",2013,2.5,3,53.6265,9.07,96,88,26.8,99,99,0.06,22682,1.14,0.9,1,12,1,0,80
"Estonia","European Union",2010,3.6,4.6,135.396,14.97,94,95,26.1,94,94,0.08,14586,1.33,1.9,2,12.5,1,0,75.4
"Canada","North America",2007,5.1,6,73.6155,8.3,14,85,26.7,99,94,0.1,42097,32.89,0.5,0.4,12.4,1,0,80.5
"Bahrain","Middle East",2013,6.7,7.8,68.52,1.65,99,99,24.9,99,99,0.05,22079,1.32,6.1,6,9,0,1,76.5
"Peru","South America",2012,13.9,17.9,128.7765,5.35,95,63,26.2,94,95,0.13,5749,29.51,1.1,1.1,8.6,0,1,75
"Uruguay","South America",2015,7.6,8.9,105.685,6,95,93,27.3,95,95,0.24,15614,3.41,1.5,1.4,8.7,0,1,77.4
"Ireland","European Union",2003,5.1,6,81.688,13.04,95,86,26.6,86,86,0.05,45523,4,0.3,0.2,11.4,1,0,78.1
"North Macedonia","Rest of Europe",2013,9.4,10.6,100.0635,3.61,97,97,26.5,98,98,0.08,4531,2.06,2.2,2.2,9.4,0,1,75.4
"Oman","Middle East",2014,9.7,11.2,90.9325,0.42,99,99,26.2,99,99,0.05,18611,4.03,7.1,6.9,9.3,0,1,76.6
"Malaysia","Asia",2014,6.8,8,123.1955,0.54,96,99,25.5,97,97,0.15,9601,29.87,7.6,7.4,10.1,0,1,75.3
"United States","North America",2002,6.9,8.2,114.049,8.33,88,86,27.8,90,94,0.13,49095,287.63,0.8,0.6,12.7,1,0,76.9
"Argentina","South America",2009,13.3,14.9,125.542,8.34,94,96,27,97,94,0.14,12398,40.48,1,0.9,9.3,0,1,75.1
"Greece","European Union",2001,5.2,6,81.3035,8.75,90,77,26.7,90,91,0.03,19312,10.86,0.9,0.8,8.8,1,0,78.4
"Portugal","European Union",2000,5.5,7.2,109.6325,12.77,58,48,25.5,96,96,0.22,18795,10.29,0.8,0.6,6.8,1,0,76.3
"United States","North America",2013,6,7,104.681,8.81,91,86,28.7,93,94,0.12,54831,316.06,0.7,0.6,13.2,1,0,78.7
"Netherlands","European Union",2010,3.7,4.4,64.5455,9.34,88,92,25.5,97,97,0.06,44391,16.62,1,0.9,12,1,0,80.7
"Chile","South America",2015,6.7,7.9,88.8665,7.89,97,89,27.9,96,96,0.19,13495,17.97,0.8,0.8,10.3,0,1,79.6
"Germany","European Union",2015,3.3,3.9,71.312,11.06,88,93,26.5,92,95,0.03,41103,81.69,1.1,1.1,14.1,1,0,80.6
"Luxembourg","European Union",2005,2.8,3.4,79.786,12.31,95,86,25.9,99,99,0.08,101222,0.47,1,0.9,11.3,1,0,79.4
"Estonia","European Union",2011,3.3,4.2,137.323,16.27,94,95,26.2,93,93,0.08,15693,1.33,1.9,2,12.5,1,0,76.2
"Singapore","Asia",2004,2.4,3,69.3965,1.44,94,96,23.5,95,95,0.14,39857,4.17,2.1,2,10.2,0,1,79.5
"Sweden","European Union",2001,3.4,4.1,71.28,6.5,60,94,25.2,99,99,0.08,41601,8.9,1.3,1.3,11.5,1,0,79.8
"Sweden","European Union",2000,3.4,4.1,71.72,6.2,60,94,25.1,99,99,0.08,41117,8.87,1.4,1.3,11.4,1,0,79.6
"Tunisia","Africa",2013,15,17.5,94.3265,1.4,98,98,26.1,98,98,0.04,4016,10.95,6.4,6.3,6.8,0,1,75.6
"Spain","European Union",2014,2.8,3.4,57.9985,7.85,96,93,26,97,97,0.09,24772,46.48,0.6,0.5,9.7,1,0,83.2
"Poland","European Union",2009,5.5,6.3,135.045,10.17,98,95,26.1,96,99,0.08,10437,38.15,2.1,2.3,12.1,1,0,75.7
"Denmark","European Union",2015,3.5,4.1,67.171,9.42,88,80,25.3,93,93,0.03,53255,5.68,1.1,0.9,12.5,1,0,80.7
"Greece","European Union",2003,4.6,5.2,79.9905,8.91,92,77,26.8,93,94,0.04,21105,10.93,0.8,0.8,9.3,1,0,78.8
"Norway","Rest of Europe",2007,3,3.7,67.0805,6.6,88,93,26.2,93,93,0.03,75624,4.71,0.7,0.7,12.6,1,0,80.4
"Greece","European Union",2007,3.6,4.1,78.1635,8.89,95,77,27,99,99,0.07,24073,11.05,0.8,0.7,10,1,0,79.4
"Japan","Asia",2010,2.4,3.2,62.1335,8.28,83,97,22.7,98,97,0.17,32942,128.07,1.9,1.6,11.5,1,0,82.8
"Cuba","Central America and Caribbean",2011,5,6.2,94.0575,4.32,96,95,25.3,99,97,0.16,6942,11.24,3.4,3.2,11.3,0,1,78.4
"Malta","European Union",2006,6,6.9,58.798,8.25,86,86,27.1,83,85,0.08,18522,0.41,0.7,0.7,9.8,1,0,79.4
"Sweden","European Union",2007,2.7,3.3,62.5915,6.98,60,95,25.6,98,98,0.08,49145,9.15,1.3,1.3,12.5,1,0,80.9
"Sri Lanka","Asia",2014,7.9,9.3,111.2825,2.45,99,99,22.9,99,99,0.01,3694,20.78,15.2,15,10.9,0,1,76.1
"Denmark","European Union",2007,3.8,4.5,92.724,10.99,88,88,25.2,87,87,0.04,53936,5.46,1.2,0.9,12.5,1,0,78.2
"Chile","South America",2009,7.5,8.8,96.76,7.67,94,89,27.3,94,94,0.17,11200,16.89,0.8,0.9,9.9,0,1,78.6
"Albania","Rest of Europe",2008,14.1,15.8,82.1105,5.56,99,98,25.9,99,99,0.03,3298,2.95,1.6,1.6,9.2,0,1,75.9
"United Kingdom","Rest of Europe",2004,5.2,6.1,80.819,11.58,88,86,26.6,92,92,0.08,42337,59.99,0.7,0.5,12.1,1,0,78.7
"Singapore","Asia",2001,2.8,3.6,76.5795,2.08,95,96,23.5,95,96,0.15,33598,4.14,2.1,2,9.2,0,1,78.3
"Chile","South America",2004,7.9,9.3,102.465,6.32,94,96,26.9,94,93,0.14,9748,16.01,0.9,1,9.6,0,1,77.4
"Panama","Central America and Caribbean",2005,19.5,22.9,124.8655,4.9,92,89,26.1,88,92,0.4,7815,3.33,2.1,2.1,9,0,1,75.9
"United Arab Emirates","Middle East",2012,7,8.2,71.693,1.78,96,96,28.1,96,96,0.13,33997,9.14,5.1,5,10.2,0,1,76.7
"Israel","Middle East",2001,5.4,6.6,76.0075,2.83,96,97,26.2,93,92,0.08,28107,6.44,1.1,1.1,12.1,1,0,79.4
"Israel","Middle East",2003,4.9,6.1,72.394,2.58,98,97,26.4,93,93,0.08,27311,6.69,1.1,1.1,12.2,1,0,79.6
"Singapore","Asia",2015,2.2,2.7,50.9615,1.82,96,90,23.6,96,96,0.07,55647,5.54,2.2,2.2,11.5,0,1,82.7
"Canada","North America",2006,5.2,6,73.8445,8.2,14,84,26.7,95,95,0.1,39776,32.57,0.5,0.4,12.3,1,0,80.3
"Portugal","European Union",2005,3.6,4.6,99.147,11.97,94,87,25.8,93,93,0.19,19224,10.5,0.7,0.6,7.5,1,0,78.1
"Norway","Rest of Europe",2011,2.5,3.1,64.761,6.44,88,94,26.4,94,94,0.04,72195,4.95,0.7,0.7,12.8,1,0,81.3
"Netherlands","European Union",2012,3.6,4.2,62.859,9,88,93,25.5,97,97,0.05,44243,16.75,1,0.9,12,1,0,81.1
"Canada","North America",2011,4.9,5.7,67.7935,8.2,70,85,26.8,87,87,0.1,42037,34.34,0.5,0.5,12.7,1,0,81.4
"United States","North America",2010,6.2,7.3,104.5215,8.56,92,86,28.5,93,95,0.13,52963,309.33,0.7,0.6,13.2,1,0,78.5
"Antigua and Barbuda","Central America and Caribbean",2012,7.5,9,134.3515,8.22,98,90,26.3,97,98,0.2,13803,0.09,3.3,3.3,9.2,0,1,76.1
"Mexico","North America",2010,16.4,19.2,117.679,4.05,93,91,27.5,95,95,0.16,8879,114.09,1.6,1.6,8,0,1,75.1
"Iceland","Rest of Europe",2007,2.4,3,58.3265,7.53,88,95,25.9,97,97,0.04,53646,0.31,0.9,0.9,10.3,1,0,81.5
"Iran, Islamic Rep.","Middle East",2015,13.3,15.5,81.8615,0.01,98,65,26.1,98,98,0.04,5201,78.49,8.5,8.6,9.8,0,1,75.8
"Poland","European Union",2015,4.2,4.9,113.669,10.47,96,94,26.6,92,98,0.08,12578,37.99,1.9,2,12.1,1,0,77.5
"Australia","Oceania",2011,3.8,4.5,62.175,10.3,92,90,27,92,92,0.05,54108,22.34,0.6,0.6,12.5,1,0,81.9
"Israel","Middle East",2002,5.2,6.4,76.0535,2.79,98,97,26.3,91,90,0.08,27493,6.57,1.1,1.1,12.1,1,0,79.5
"Italy","European Union",2015,3,3.5,52.9595,7.14,93,83,25.6,93,93,0.06,30242,60.73,0.6,0.6,10.2,1,0,82.5
"Cuba","Central America and Caribbean",2015,4.5,5.7,89.2395,4.65,99,99,25.6,99,99,0.16,7694,11.32,3.5,3.3,11.4,0,1,78.6
"Japan","Asia",2008,2.5,3.4,64.0215,7.06,83,78,22.6,98,98,0.17,33558,128.06,1.8,1.5,11.4,1,0,82.6
"Albania","Rest of Europe",2004,19.1,21.5,85.3885,4.42,99,96,25.5,98,97,0.02,2522,3.03,1.8,1.9,9.1,0,1,75
"Peru","South America",2015,12.2,15.7,124.07,5.68,90,63,26.5,88,90,0.13,6229,30.47,1.1,1.1,9.1,0,1,75.8
"Belgium","European Union",2004,4.2,5.1,89.671,12.05,64,78,25.7,96,95,0.08,37761,10.42,0.8,0.8,10.5,1,0,78.9
"Antigua and Barbuda","Central America and Caribbean",2008,9.2,11.1,141.2655,8.41,98,83,25.9,99,99,0.1,17771,0.09,3.4,3.3,9.3,0,1,75.5
"Panama","Central America and Caribbean",2014,15.1,17.6,116.233,6.3,80,90,26.8,80,80,0.4,13113,3.9,1.9,1.8,9.9,0,1,77.6
"Cyprus","European Union",2007,3.3,3.9,61.604,11.58,93,93,26.7,97,97,0.05,27155,1.06,0.9,1,11.2,1,0,78.9
"Albania","Rest of Europe",2009,12.9,14.5,81.5235,5.79,98,98,26,98,98,0.03,3432,2.93,1.5,1.6,9.3,0,1,76.2
"Bosnia and Herzegovina","Rest of Europe",2006,7.5,8.6,108.5945,4.72,90,93,25.1,91,87,0.08,3691,3.77,2.9,2.8,7.4,0,1,75.3
"Switzerland","Rest of Europe",2003,4.5,5.3,70.293,10.82,88,71,24.9,95,93,0.1,73556,7.34,0.6,0.5,11.8,1,0,80.5
"Czechia","European Union",2005,3.6,4.4,112.1435,13.66,99,98,26.6,96,97,0.08,14978,10.21,2.1,2.1,11.9,1,0,75.9
"Hungary","European Union",2015,4.2,5.1,131.7765,10.95,88,99,27.2,99,99,0.08,12721,9.84,1.6,1.6,11.8,1,0,75.6
"Brunei Darussalam","Asia",2013,8.4,10.2,90.6615,0.69,98,92,26.8,99,99,0.1,32925,0.4,5.8,5.2,8.9,0,1,75.1
"Luxembourg","European Union",2010,2.3,2.8,74.016,11.84,94,86,26.1,96,99,0.1,106544,0.51,0.9,0.9,11.8,1,0,80.6
"Costa Rica","Central America and Caribbean",2013,8.2,9.6,88.8035,3.02,94,92,27.1,95,95,0.19,11090,4.74,1.7,1.7,8.5,0,1,79.2
"Greece","European Union",2005,4,4.6,79.077,9.15,93,77,26.9,96,96,0.05,22186,10.99,0.8,0.7,9.8,1,0,79.2
"Ireland","European Union",2014,3.3,3.8,62.447,10.88,95,86,27.3,96,96,0.07,50010,4.66,0.3,0.2,12.3,1,0,81.3
"Vietnam","Asia",2012,17.9,22.4,128.8585,2.57,97,65,21.3,97,97,0.14,2217,89.8,14.4,15,7.8,0,1,75
"Iceland","Rest of Europe",2010,2.2,2.7,53.441,6.79,88,92,26,96,96,0.05,48194,0.32,0.9,0.9,10.6,1,0,81.9
"Italy","European Union",2011,3.3,3.9,56.2325,6.98,96,83,25.7,96,96,0.08,32229,59.38,0.5,0.5,9.8,1,0,82.2
"Denmark","European Union",2006,4,4.8,92.1215,11.02,88,91,25.2,93,93,0.04,53687,5.44,1.2,0.9,12.8,1,0,78.1
"Singapore","Asia",2008,2.3,2.8,62.236,1.69,97,96,23.5,97,97,0.12,44602,4.84,2.1,2.1,10.5,0,1,80.8
"Vietnam","Asia",2014,17.6,22,125.984,2.78,95,65,21.6,96,95,0.12,2438,91.71,14.3,14.7,7.8,0,1,75.1
"Singapore","Asia",2009,2.3,2.8,60.491,1.73,96,95,23.5,97,97,0.12,43333,4.99,2.1,2.1,10.5,0,1,81.2
"Albania","Rest of Europe",2012,10,11.2,79.762,4.43,99,99,26.3,99,99,0.03,3736,2.9,1.3,1.4,9.6,0,1,77.3
"Cuba","Central America and Caribbean",2006,5.7,7.2,99.5345,4.17,89,97,25,99,89,0.14,5808,11.26,3.4,3.2,10.1,0,1,77.9
"Slovenia","European Union",2005,3.5,4.2,101.813,11.19,88,99,25.7,95,95,0.03,19239,2,1.9,2,11.7,1,0,77.6
"Norway","Rest of Europe",2008,2.9,3.6,66.2655,6.75,88,95,26.3,94,94,0.03,75044,4.77,0.7,0.7,12.7,1,0,80.6
"Mexico","North America",2005,19.5,22.9,123.4585,5.03,98,97,27.2,98,98,0.15,8878,106.01,1.8,1.7,7.6,0,1,75.3
"Uruguay","South America",2004,13.2,15.1,118.88,5.88,94,92,26.2,95,94,0.18,9464,3.32,1.7,1.6,8,0,1,75.6
"Denmark","European Union",2010,3.5,4.1,83.927,10.27,88,85,25.3,90,90,0.04,51173,5.55,1.1,0.9,12.7,1,0,79.1
"Switzerland","Rest of Europe",2002,4.5,5.4,71.8885,10.85,88,71,24.9,95,93,0.1,74138,7.28,0.6,0.5,11.7,1,0,80.4
"Colombia","South America",2010,15.7,18.3,147.6795,4.22,88,74,25.7,88,88,0.21,5163,45.22,2.2,2,7.4,0,1,75.4
"China","Asia",2013,9.8,12.5,86.4435,5.62,99,99,23.5,99,99,0.1,7056,1363.24,3.8,3.2,7.5,0,1,75.3
"Mexico","North America",2006,18.8,22.1,122.558,5.2,98,91,27.2,98,98,0.16,9143,107.56,1.8,1.7,8,0,1,75.3
"Norway","Rest of Europe",2002,3.7,4.6,78.9785,5.89,88,90,25.8,93,93,0.03,69106,4.54,0.8,0.7,12.1,1,0,79
"Slovenia","European Union",2014,2.2,2.7,69.2825,10.92,88,94,26.4,95,95,0.01,20454,2.06,1.4,1.4,11.9,1,0,81.1
"Australia","Oceania",2015,3.3,3.9,61.7325,9.68,93,93,27.1,93,93,0.04,56707,23.82,0.6,0.6,12.8,1,0,82.4
"Belgium","European Union",2003,4.3,5.2,93.89,11.28,64,78,25.6,96,95,0.08,36617,10.38,0.8,0.8,10.4,1,0,78.1
"Denmark","European Union",2005,4.2,5,90.2045,11.26,88,91,25.1,93,93,0.04,51836,5.42,1.2,1,12.8,1,0,77.8
"New Zealand","Oceania",2000,6.1,7.4,85.7,8.83,90,86,26.7,82,90,0.02,30863,3.86,0.3,0.3,11.6,1,0,78.6
"Barbados","Central America and Caribbean",2007,14.2,15.4,112.486,8.07,93,96,27.1,93,93,0.49,18205,0.28,3.9,3.9,9.3,0,1,78.1
"United Kingdom","Rest of Europe",2002,5.4,6.3,85.37,11.33,88,86,26.5,91,91,0.08,40563,59.37,0.7,0.5,11.9,1,0,78.1
"Iceland","Rest of Europe",2001,3.1,3.9,69.582,6.32,88,90,25.6,92,92,0.02,43288,0.28,1,0.9,9.6,1,0,80.7
"Japan","Asia",2001,3.1,4.3,71.4415,8.01,83,86,22.5,81,95,0.17,31476,127.15,1.7,1.4,10.8,1,0,81.4
"Montenegro","Rest of Europe",2012,4.6,5.5,106.849,9.37,90,97,26.2,94,94,0.03,5996,0.62,1.9,1.9,11.2,0,1,76.2
"St. Lucia","Central America and Caribbean",2013,18.5,20.9,139.7475,8.93,99,83,29.4,99,99,0.4,10148,0.18,4.3,4.3,8.4,0,1,75.3
"Cyprus","European Union",2012,2.6,3.1,54.618,10.58,96,88,26.8,99,99,0.06,24217,1.14,0.9,1,11.8,1,0,79.8
"Luxembourg","European Union",2008,2.4,3,71.6035,11.99,94,86,26,96,99,0.09,110095,0.49,0.9,0.9,11.7,1,0,80.5
"Bosnia and Herzegovina","Rest of Europe",2007,7.2,8.3,106.9245,5.03,94,95,25.2,95,95,0.08,3910,3.76,2.8,2.8,7.5,0,1,75.5
"Luxembourg","European Union",2015,2.3,2.8,54.393,11.37,94,86,26.3,99,99,0.1,105462,0.57,1,0.9,12,1,0,82.3
"Finland","European Union",2007,2.8,3.5,95.089,10.45,88,92,25.9,97,99,0.08,46213,5.29,0.9,0.8,12,1,0,79.3
"Portugal","European Union",2010,3.1,3.8,86.146,11.26,97,95,25.8,97,98,0.16,19670,10.57,0.7,0.5,8.1,1,0,79
"Iceland","Rest of Europe",2009,2.2,2.8,56.594,7.24,88,93,26,96,96,0.05,49527,0.32,0.9,0.9,10.5,1,0,81.8
"Antigua and Barbuda","Central America and Caribbean",2013,7.1,8.5,132.9015,9.43,99,87,26.4,98,99,0.2,13554,0.09,3.3,3.3,9.2,0,1,76.2
"United States","North America",2008,6.5,7.6,107.758,8.74,94,86,28.4,94,96,0.13,53854,304.09,0.7,0.6,13.2,1,0,78
"Lebanon","Middle East",2008,9.8,11.4,71.4135,1.57,81,65,27,75,81,0.03,7961,4.76,4.7,4.7,7.8,0,1,77.9
"Sweden","European Union",2005,3,3.6,65.34,6.53,60,95,25.5,98,98,0.08,45990,9.03,1.3,1.3,12.4,1,0,80.5
"Denmark","European Union",2000,4.7,5.7,102.388,11.68,88,89,24.9,97,97,0.04,49242,5.34,1.3,1,10.7,1,0,76.6
"Israel","Middle East",2007,4.1,5.1,65.745,2.46,99,90,26.7,95,95,0.08,31208,7.18,1.1,1.1,12.5,1,0,80.5
"Peru","South America",2013,13.3,17.1,127.208,5.27,88,54,26.3,71,88,0.12,6030,29.77,1.1,1.1,8.8,0,1,75.3
"Maldives","Asia",2010,11.9,13.9,76.243,1.58,97,96,24.6,97,96,0.17,8522,0.37,14,14.1,4.9,0,1,75.9
"Denmark","European Union",2002,4.6,5.5,99.934,11.32,88,92,25,98,98,0.04,49542,5.38,1.2,1,12.1,1,0,76.9
"United States","North America",2015,5.8,6.8,107.377,8.78,92,86,28.8,93,95,0.12,56763,320.74,0.8,0.6,13.3,1,0,78.7
"Albania","Rest of Europe",2010,11.8,13.3,80.9365,4.88,99,98,26.1,99,99,0.03,3577,2.91,1.4,1.5,9.3,0,1,76.6
"Maldives","Asia",2011,11.1,12.9,75.29,1.69,96,96,24.7,96,96,0.17,8893,0.38,13.9,14,5.2,0,1,76.3
"United Kingdom","Rest of Europe",2010,4.4,5.2,74.2785,10.01,88,86,27,94,94,0.08,42488,62.77,0.8,0.5,13.2,1,0,80.4
"Argentina","South America",2010,12.9,14.5,124.1055,8.15,94,94,27.1,95,94,0.14,13551,40.79,1,0.9,9.8,0,1,75.3
"Argentina","South America",2015,10.2,11.5,117.1895,8.49,94,87,27.6,93,94,0.13,13789,43.13,1,0.9,9.8,0,1,76.1
"Chile","South America",2005,7.7,9.1,101.273,7.57,94,96,27,92,91,0.15,10210,16.18,0.9,1,9.5,0,1,77.6
"Luxembourg","European Union",2006,2.6,3.2,87.8075,12.5,95,86,25.9,99,99,0.08,105614,0.47,0.9,0.9,11.5,1,0,79.3
"United States","North America",2006,6.7,7.9,111.0235,8.63,93,86,28.2,93,96,0.13,53738,298.38,0.7,0.6,12.8,1,0,77.7
"Tunisia","Africa",2011,15.5,18,97.086,1.25,98,96,25.9,98,98,0.04,3836,10.74,6.4,6.3,6.9,0,1,75.2
"New Zealand","Oceania",2004,5.6,6.7,78.037,9.17,88,86,27.1,87,89,0.03,34310,4.09,0.3,0.3,11.6,1,0,79.5
"Sweden","European Union",2014,2.4,2.9,54.481,7.2,67,95,26,97,98,0.08,49855,9.7,1.5,1.3,12.3,1,0,82.3
"Cyprus","European Union",2015,2.4,2.9,51.6435,9.59,97,88,26.8,97,97,0.06,23408,1.16,1,1,11.9,1,0,80.4
"Mexico","North America",2008,17.6,20.6,120.3315,4.27,97,94,27.4,96,96,0.16,9181,110.82,1.7,1.6,8,0,1,75.2
"Cyprus","European Union",2008,3.1,3.7,60.207,12.03,93,89,26.7,97,97,0.05,27447,1.08,0.9,1,11.3,1,0,79.1
"Belgium","European Union",2000,4.8,5.8,99.6,11.21,60,78,25.5,96,95,0.08,35675,10.25,0.8,0.8,10,1,0,77.7
"Morocco","Africa",2013,22.6,26.3,73.374,0.46,99,75,25.7,99,99,0.04,2755,33.72,6.4,6.2,4.8,0,1,75.2
"Qatar","Middle East",2007,8.4,9.8,60.9985,1.16,94,91,28.2,97,94,0.05,60927,1.22,4.9,4.5,9.6,0,1,78.6
"United Kingdom","Rest of Europe",2009,4.6,5.4,76.195,9.98,88,86,26.9,93,93,0.08,41929,62.28,0.8,0.5,13.1,1,0,80.1
"Singapore","Asia",2011,2.2,2.8,57.001,1.89,96,96,23.6,96,96,0.1,50714,5.18,2.1,2.1,11.2,0,1,81.7
"Sweden","European Union",2004,3.1,3.7,66.1935,6.51,60,95,25.4,99,99,0.08,44891,8.99,1.3,1.3,12.3,1,0,80.5
"Mexico","North America",2004,20.2,23.9,124.359,5,98,97,27.1,98,98,0.15,8801,104.51,1.8,1.8,7.4,0,1,75.2
"Malta","European Union",2004,6.2,7.1,60.357,6.61,85,31,27,89,89,0.08,17653,0.4,0.7,0.7,8.6,1,0,79.3
"Montenegro","Rest of Europe",2010,5.7,6.7,114.563,9.94,90,97,26.1,93,94,0.03,5982,0.62,2,2,11.1,0,1,76
"Cuba","Central America and Caribbean",2014,4.6,5.8,90.569,4.54,97,98,25.5,99,99,0.16,7379,11.31,3.4,3.3,11.2,0,1,78.5
"Norway","Rest of Europe",2006,3.2,3.9,69.5825,6.47,88,91,26.1,94,94,0.03,74190,4.66,0.8,0.7,12.5,1,0,80.3
"Barbados","Central America and Caribbean",2012,13.6,14.7,102.8345,8.9,87,90,27.5,88,87,0.33,16505,0.28,3.8,3.8,10.5,0,1,78.5
"Iceland","Rest of Europe",2015,1.8,2.3,55.359,7.66,88,94,26.2,92,92,0.05,52952,0.33,1,0.9,12.2,1,0,82.5
"Greece","European Union",2002,4.9,5.6,80.4475,8.22,91,77,26.8,92,92,0.04,19997,10.9,0.8,0.8,9.1,1,0,78.6
"Netherlands","European Union",2002,4.9,5.9,80.574,9.72,88,96,25.1,97,97,0.06,40914,16.15,1.1,1,11.1,1,0,78.3
"Malta","European Union",2014,5.8,6.6,52.6155,7.14,90,94,27.1,99,99,0.08,23286,0.43,0.8,0.8,11.1,1,0,82
"Argentina","South America",2008,13.7,15.3,126.9785,8.42,90,88,26.9,94,93,0.15,13311,40.08,1,0.9,8.9,0,1,75
"Finland","European Union",2010,2.5,3,87.05,9.72,88,92,26,99,99,0.08,43564,5.36,0.9,0.8,12.3,1,0,79.9
"Spain","European Union",2005,3.8,4.7,75.851,11.92,96,92,26.2,96,96,0.09,26146,43.65,0.6,0.5,8.9,1,0,80.2
"United Kingdom","Rest of Europe",2000,5.6,6.5,88.0225,10.82,88,86,26.3,91,91,0.08,39229,58.89,0.7,0.5,11.7,1,0,77.7
"Luxembourg","European Union",2013,2.3,2.8,66.6085,11.25,94,86,26.2,99,99,0.1,105339,0.54,0.9,0.9,11.8,1,0,81.8
"Australia","Oceania",2004,4.8,5.8,67.92,9.84,95,85,26.6,92,92,0.05,49439,20.13,0.7,0.6,11.8,1,0,80.5
"Bahrain","Middle East",2006,8.8,10.2,75.8375,1.94,98,99,25.2,98,98,0.05,22069,0.96,6.1,5.9,8.4,0,1,75.5
"Estonia","European Union",2015,2.4,3.1,116.351,16.72,91,92,26.4,93,93,0.08,17402,1.32,1.9,1.9,12.7,1,0,77.6
"Cuba","Central America and Caribbean",2010,5.1,6.4,94.886,4.28,96,98,25.2,99,96,0.15,6759,11.23,3.4,3.2,11,0,1,78.3
"Spain","European Union",2010,3.1,3.8,64.95,8.94,97,92,26.2,97,97,0.09,25703,46.58,0.6,0.5,9.4,1,0,81.6
"Portugal","European Union",2006,3.4,4.4,94.1855,11.81,97,95,25.8,97,97,0.18,19501,10.52,0.7,0.5,7.6,1,0,78.4
"Belgium","European Union",2010,3.6,4.4,80.8845,10.27,97,83,25.9,98,98,0.08,39778,10.9,0.9,0.9,11.1,1,0,80.2
"Poland","European Union",2014,4.3,5,113.623,10.45,96,95,26.5,94,98,0.08,12059,38.01,1.9,2.1,11.3,1,0,77.6
"New Zealand","Oceania",2001,5.9,7.2,82.092,8.69,90,86,26.8,82,90,0.02,31745,3.88,0.3,0.3,11.6,1,0,78.7
"Japan","Asia",2002,3,4.1,70.123,7.86,83,86,22.5,89,96,0.17,31416,127.45,1.7,1.4,10.9,1,0,81.6
"Bahrain","Middle East",2010,7.3,8.5,71.212,1.96,99,98,25,99,99,0.05,20982,1.24,6,5.9,8.4,0,1,76.1
"Costa Rica","Central America and Caribbean",2002,10.1,12.1,97.533,4.16,94,86,26,94,94,0.14,7940,4.1,2.2,2.2,8,0,1,77.7
"Japan","Asia",2012,2.2,3,58.395,8.5,83,92,22.7,99,97,0.17,33518,127.63,1.9,1.7,12,1,0,83.1
"Austria","European Union",2008,3.8,4.5,74.9395,12.03,83,62,25.3,83,83,0.08,44440,8.32,1.7,1.9,11.5,1,0,80.4
"Israel","Middle East",2004,4.7,5.8,69.781,2.44,99,97,26.5,95,95,0.08,28151,6.81,1.1,1.1,12.2,1,0,80.1
"United Arab Emirates","Middle East",2003,8.9,10.3,89.586,1.57,92,92,27.4,94,94,0.13,57932,3.71,5.2,5,8.7,0,1,75
"Denmark","European Union",2013,3.5,4.1,72.3825,9.44,88,86,25.3,94,94,0.04,51832,5.61,1.1,0.9,13.2,1,0,80.3
"Italy","European Union",2003,4.1,4.8,70.0145,9.3,95,83,25.5,97,96,0.09,32897,57.31,0.5,0.5,8.9,1,0,80
"France","European Union",2008,3.2,4.4,86.635,12.53,47,65,25,99,98,0.11,36357,64.37,0.6,0.6,10.7,1,0,81.2
"Norway","Rest of Europe",2005,3.3,4.1,72.1705,6.37,88,91,26,91,91,0.03,73037,4.62,0.8,0.7,12.4,1,0,80
"Panama","Central America and Caribbean",2003,20.5,24.1,124.5355,4.92,98,89,25.9,95,98,0.4,7037,3.21,2.2,2.2,8.8,0,1,75.6
"New Zealand","Oceania",2014,4.7,5.7,68,8.98,93,86,27.9,93,93,0.03,38002,4.52,0.4,0.3,12.2,1,0,81.4
"Netherlands","European Union",2014,3.5,4.1,58.8975,8.38,92,93,25.5,96,96,0.04,44522,16.87,1,0.9,12.1,1,0,81.7
"Colombia","South America",2009,16.2,18.9,149.414,4.24,92,71,25.6,92,92,0.2,4993,44.75,2.2,2,7.3,0,1,75.2
"Belgium","European Union",2012,3.5,4.3,78.0865,10.09,98,85,26,99,99,0.08,39976,11.11,0.9,0.9,11.2,1,0,80.4
"Panama","Central America and Caribbean",2001,21.4,25.4,124.62,4.9,98,88,25.7,95,99,0.4,6861,3.09,2.3,2.3,8.6,0,1,75.2
"Spain","European Union",2000,4.4,5.4,83.203,11.61,77,92,26.1,95,95,0.11,23938,40.57,0.6,0.5,8.4,1,0,79
"New Zealand","Oceania",2010,5.1,6.1,69.92,9.62,90,86,27.6,93,93,0.04,35394,4.35,0.3,0.3,12,1,0,80.7
"Mexico","North America",2003,21,24.9,125.2595,5.01,98,96,27,98,98,0.15,8587,103.08,1.9,1.8,7.1,0,1,75.1
"Denmark","European Union",2011,3.4,4.1,78.101,10.45,88,86,25.3,91,91,0.04,51644,5.57,1.1,0.9,12.7,1,0,79.8
"Poland","European Union",2012,4.7,5.4,124.316,10.21,97,95,26.3,95,99,0.08,11520,38.06,2,2.1,11.7,1,0,76.7
"Denmark","European Union",2008,3.7,4.4,87.314,10.7,88,87,25.2,88,88,0.04,53345,5.49,1.1,0.9,12.9,1,0,78.4
"Lebanon","Middle East",2011,8.3,9.7,65.846,1.3,81,70,27.2,79,81,0.03,8754,5.2,4.7,4.7,8,0,1,78.5
"Israel","Middle East",2010,3.7,4.6,60.016,2.78,97,93,26.9,95,95,0.08,32505,7.62,1.2,1.1,12.6,1,0,81.6
"Australia","Oceania",2000,5.1,6.2,77.0385,10.17,95,85,26.2,90,90,0.04,45559,19.15,0.7,0.7,11.9,1,0,79.2
"Oman","Middle East",2010,10.1,11.7,98.615,0.51,99,99,25.9,99,99,0.05,20640,3.04,6.9,6.8,7.9,0,1,75.7
"Qatar","Middle East",2006,8.7,10.1,62.478,1.13,96,87,28.1,95,96,0.05,61522,1.02,4.9,4.5,9.2,0,1,78.4
"Australia","Oceania",2014,3.4,4,60.8255,9.9,91,93,27.1,92,92,0.04,56306,23.48,0.6,0.6,12.7,1,0,82.3
"Cuba","Central America and Caribbean",2003,6.3,7.9,106.028,4.39,99,78,24.8,98,72,0.13,4419,11.23,3.5,3.3,9.8,0,1,77.3
"Ecuador","South America",2015,13.2,15.4,123.906,3.69,78,76,27.1,84,78,0.16,6124,16.21,1.2,1.1,8.4,0,1,76.1
"Australia","Oceania",2008,4.4,5.2,64.318,10.76,94,80,26.8,92,92,0.05,53339,21.25,0.7,0.6,12.3,1,0,81.4
"Norway","Rest of Europe",2012,2.5,3,59.097,6.21,88,91,26.5,95,95,0.04,73179,5.02,0.7,0.7,12.6,1,0,81.5
"Mexico","North America",2011,15.9,18.5,116.3525,4,98,97,27.6,97,97,0.16,9076,115.7,1.6,1.6,8.4,0,1,75
"United Kingdom","Rest of Europe",2007,4.9,5.8,78.7825,11.06,88,86,26.8,92,92,0.08,44576,61.32,0.7,0.5,12.6,1,0,79.4
"Ireland","European Union",2008,3.8,4.4,73.6315,12.18,95,86,27,93,93,0.07,48314,4.49,0.3,0.2,12,1,0,80.1
"Czechia","European Union",2006,3.4,4.1,106.5445,13.58,98,98,26.7,98,98,0.08,15949,10.24,2,2.1,12.1,1,0,76.5
"Iceland","Rest of Europe",2002,2.9,3.7,68.5245,6.53,88,90,25.6,95,95,0.03,43143,0.29,1,0.9,9.7,1,0,80.5
"Australia","Oceania",2007,4.5,5.4,66.424,10.56,94,89,26.8,92,92,0.05,52539,20.83,0.7,0.6,12,1,0,81.3
"Tunisia","Africa",2012,15.2,17.7,95.818,1.35,97,96,26,97,97,0.04,3959,10.85,6.4,6.3,6.8,0,1,75.4
"Italy","European Union",2010,3.4,4,56.6155,6.95,96,84,25.7,96,96,0.08,32058,59.28,0.5,0.5,9.7,1,0,82
"Germany","European Union",2013,3.3,4,73.2135,11.08,88,93,26.5,93,95,0.03,40135,80.65,1.1,1.1,14,1,0,80.5
"Bahrain","Middle East",2014,6.6,7.7,67.602,1.57,98,99,24.9,98,98,0.05,22677,1.34,6.1,6,9.1,0,1,76.6
"Uruguay","South America",2003,13.7,15.7,119.9385,5.4,91,93,26.1,91,91,0.17,9008,3.32,1.7,1.6,8,0,1,75.4
"Greece","European Union",2000,5.6,6.4,82.159,8.6,89,77,26.7,89,89,0.03,18643,10.81,0.9,0.8,8.6,1,0,77.9
"Bosnia and Herzegovina","Rest of Europe",2014,5.5,6.4,97.4955,4.69,89,92,25.6,86,86,0.08,4518,3.48,2.4,2.4,9.2,0,1,76.7
"Canada","North America",2000,5.3,6.2,80.9805,7.6,14,84,26.3,88,89,0.1,34122,30.69,0.5,0.5,11,1,0,79.1
"Finland","European Union",2003,3.3,4,96.4225,9.31,88,92,25.8,96,98,0.08,40044,5.21,0.9,0.8,9.6,1,0,78.4
"Singapore","Asia",2012,2.2,2.8,55.2565,1.94,97,95,23.6,97,97,0.1,51680,5.31,2.2,2.1,11.3,0,1,82
"Morocco","Africa",2012,23.9,27.8,74.6045,0.46,99,75,25.6,99,99,0.04,2673,33.24,6.3,6.2,4.6,0,1,75
"Qatar","Middle East",2008,8.2,9.6,60.537,1.15,97,95,28.3,98,97,0.05,60799,1.44,5,4.5,9.7,0,1,78.8
"Poland","European Union",2006,6.3,7.3,142.4465,9.74,98,99,25.8,99,99,0.08,9101,38.14,2.3,2.4,11.7,1,0,75.1
"Cuba","Central America and Caribbean",2000,7,8.8,111.3225,3.93,98,75,24.5,98,95,0.12,4106,11.13,3.6,3.4,9.6,0,1,76.7
"Qatar","Middle East",2000,10.7,12.5,71.201,0.55,89,91,27.6,91,80,0.04,56865,0.59,4.8,4.5,7.9,0,1,77.5
"Ecuador","South America",2012,14.9,17.3,129.413,3.92,88,81,26.7,85,87,0.15,5885,15.47,1.3,1.2,8.1,0,1,75.5
"Qatar","Middle East",2003,9.6,11.2,66.915,0.92,93,91,27.9,93,92,0.04,57076,0.68,4.8,4.5,8.2,0,1,77.9
"Portugal","European Union",2003,4.3,5.5,103.6955,12.22,94,72,25.7,96,99,0.2,18819,10.46,0.7,0.6,7.2,1,0,77.2
"Sri Lanka","Asia",2015,7.5,8.7,109.1795,2.72,99,99,23,99,99,0.01,3844,20.97,15.1,15,10.9,0,1,76.3
"Ecuador","South America",2014,13.7,15.9,125.742,3.81,83,59,27,84,83,0.16,6218,15.95,1.2,1.1,8.5,0,1,75.9
"Malta","European Union",2002,6.5,7.3,61.9155,6.12,86,50,27,95,95,0.08,17165,0.4,0.7,0.7,8.3,1,0,78.7
"Bahrain","Middle East",2009,7.6,8.9,72.0995,1.95,98,99,25,97,98,0.05,21057,1.19,6,5.9,8.4,0,1,75.9
"France","European Union",2015,3.2,4.2,75.4835,11.87,86,79,25,97,98,0.09,36653,66.55,0.7,0.6,11.5,1,0,82.3
"Panama","Central America and Caribbean",2000,21.9,26,124.869,5.08,98,88,25.6,99,98,0.4,6955,3.03,2.4,2.3,8.5,0,1,75.1
"Switzerland","Rest of Europe",2004,4.4,5.2,67.614,10.54,88,71,24.9,95,93,0.09,75113,7.39,0.6,0.4,11.9,1,0,81.1
"Lebanon","Middle East",2003,14.1,16.4,88.761,1.96,74,14,26.6,74,74,0.02,6517,4.39,4.8,4.7,7.5,0,1,76
"Poland","European Union",2005,6.5,7.6,142.2435,9.07,98,90,25.7,99,99,0.08,8569,38.17,2.3,2.5,11.6,1,0,75
"Sweden","European Union",2008,2.6,3.2,61.6405,7.02,61,94,25.7,98,98,0.08,48544,9.22,1.3,1.3,12.2,1,0,81.1
"Malaysia","Asia",2015,6.9,8.1,121.723,0.55,99,99,25.6,99,99,0.14,9955,30.27,7.5,7.3,10.2,0,1,75.5
"Barbados","Central America and Caribbean",2000,13.7,15.1,127.413,7.31,93,41,26.5,86,93,0.61,16277,0.27,4.3,4.2,9,0,1,77.2
"Panama","Central America and Caribbean",2006,19,22.3,125.0305,5.07,88,86,26.1,98,88,0.4,8338,3.39,2.1,2,9.1,0,1,76.1
"Cuba","Central America and Caribbean",2007,5.5,6.9,97.3705,4.12,93,99,25,99,93,0.15,6236,11.25,3.4,3.2,10.4,0,1,78
"Bahrain","Middle East",2004,9.4,11,79.765,1.98,98,99,25.3,98,98,0.05,22423,0.83,6.1,5.9,8.4,0,1,75.2
"Austria","European Union",2011,3.5,4.2,71.8545,11.9,89,73,25.4,89,89,0.08,44451,8.39,1.7,2,11.8,1,0,81
"Tunisia","Africa",2015,14.8,17.2,91.343,1.5,98,98,26.3,98,98,0.04,4095,11.18,6.5,6.4,7,0,1,75.9
"Luxembourg","European Union",2012,2.3,2.8,68.2955,11.67,94,86,26.2,99,99,0.1,104488,0.53,0.9,0.9,11.8,1,0,81.4
"United States","North America",2004,6.8,8.1,111.0145,8.48,92,86,28,92,96,0.13,51485,292.81,0.7,0.6,12.8,1,0,77.5
"Netherlands","European Union",2007,4.1,4.9,67.8925,9.45,88,92,25.4,97,97,0.07,45139,16.38,1,1,12,1,0,80.1
"New Zealand","Oceania",2003,5.7,6.9,81.649,8.92,89,86,27,86,90,0.03,33475,4.03,0.3,0.3,11.6,1,0,79.1
"Sri Lanka","Asia",2013,8.4,9.8,113.3855,2.65,99,99,22.8,99,99,0.01,3553,20.59,15.2,15.1,10.9,0,1,76
"Chile","South America",2010,7.4,8.7,95.6955,7.55,92,84,27.4,92,92,0.18,11733,17.06,0.8,0.9,9.8,0,1,78.8
"Portugal","European Union",2009,3.1,3.9,87.823,11.5,96,95,25.8,96,96,0.16,19343,10.57,0.7,0.5,7.9,1,0,78.7
"Austria","European Union",2007,3.8,4.6,78.0555,12.54,85,56,25.3,85,85,0.08,43938,8.3,1.7,1.9,11.6,1,0,80.2
"Bahrain","Middle East",2008,8,9.3,72.9865,1.99,97,97,25.1,97,97,0.05,21833,1.11,6,5.9,8.4,0,1,75.8
"United Arab Emirates","Middle East",2007,8.1,9.4,78.2,2.28,92,93,27.7,94,92,0.13,45389,6.17,5.1,4.9,9.4,0,1,75.8
"Finland","European Union",2008,2.7,3.3,92.96,10.26,88,92,25.9,97,99,0.08,46359,5.31,0.9,0.8,12.2,1,0,79.6
"Chile","South America",2008,7.6,8.9,97.824,7.31,95,89,27.3,95,95,0.17,11447,16.71,0.9,0.9,9.9,0,1,78.3
"Israel","Middle East",2006,4.3,5.3,67.264,2.3,96,96,26.6,94,95,0.08,29940,7.05,1.1,1.1,12.1,1,0,80.6
"Qatar","Middle East",2011,7.6,8.9,59.151,1.05,93,99,28.6,92,93,0.06,65129,2.04,5.1,4.6,8.7,0,1,79.3
"United States","North America",2005,6.7,8,111.738,8.55,93,86,28.1,92,96,0.13,52790,295.52,0.7,0.6,12.8,1,0,77.5
"Romania","European Union",2013,8.9,10.6,133.321,9.65,96,88,26.4,88,92,0.04,8338,19.98,2.7,2.9,10.9,1,0,75.1
"Austria","European Union",2010,3.6,4.3,74.502,12.1,86,69,25.4,86,86,0.08,43335,8.36,1.7,1.9,11.8,1,0,80.6
"Switzerland","Rest of Europe",2013,3.8,4.4,52.8665,9.74,88,86,25.1,96,96,0.05,83345,8.09,0.4,0.3,13.4,1,0,82.8
"Chile","South America",2007,7.6,8.9,98.8885,7.39,92,95,27.2,95,96,0.16,11148,16.53,0.9,0.9,9.4,0,1,78.1
"Czechia","European Union",2007,3.2,3.9,105.2965,13.83,99,98,26.7,99,99,0.08,16739,10.3,2,2.1,12.2,1,0,76.7
"Czechia","European Union",2000,4.5,5.5,124.38,13.9,92,98,26.5,98,98,0.08,12312,10.26,2.3,2.3,10.6,1,0,75
"Slovak Republic","European Union",2013,5.3,6.5,111.094,9.9,98,97,26.2,98,98,0.01,15149,5.41,1.2,1.3,12.2,1,0,76.4
"Costa Rica","Central America and Caribbean",2011,8.9,10.2,91.2235,3.21,84,80,26.9,82,85,0.18,10559,4.63,1.8,1.7,8.4,0,1,78.9
"Chile","South America",2012,7.2,8.4,93.5665,8.35,90,74,27.6,90,90,0.19,12973,17.4,0.8,0.8,9.9,0,1,79.2
"Poland","European Union",2008,5.8,6.7,139.302,10.8,98,97,26,96,99,0.08,10157,38.13,2.2,2.3,11.9,1,0,75.5
"Bahrain","Middle East",2015,6.5,7.6,66.684,1.53,98,99,24.8,98,98,0.05,22634,1.37,6.2,6.1,9.3,0,1,76.8
"Belgium","European Union",2009,3.7,4.5,84.168,10.1,97,83,25.9,98,98,0.08,39025,10.8,0.9,0.9,11.1,1,0,80
"Finland","European Union",2001,3.4,4.2,98.8365,8.94,88,92,25.8,95,98,0.08,38785,5.19,0.9,0.8,9.4,1,0,78
"Japan","Asia",2014,2.1,2.8,55.582,8.4,83,94,22.7,99,96,0.17,34387,127.28,2,1.7,12.5,1,0,83.6
"Iceland","Rest of Europe",2011,2.1,2.6,50.5745,6.84,88,90,26.1,95,95,0.05,48934,0.32,0.9,0.9,11,1,0,82.4
